"","site","comid","lon","lat","inletoutlet","tocomid","direction"
"1","CEDEN-315GAV",17594763,-120.228,34.4736,"inlet",NA,"dn"
"2","CEDEN-315GAV",17594763,-120.228,34.4736,"outlet",NA,"up"
"3","USGS-11303500",1897416,-121.2663293,37.6760406,"inlet",NA,"dn"
"4","USGS-11303500",1897416,-121.2663293,37.6760406,"outlet",NA,"up"
"5","USGS-11447650",15048349,-121.5013437,38.4560195,"inlet",NA,"dn"
"6","USGS-11447650",15048349,-121.5013437,38.4560195,"outlet",NA,"up"
"7","21NEV1_WQX-NV06-101-M-001",8934074,-120.143898,39.1666718,"inlet",NA,"dn"
"8","21NEV1_WQX-NV06-101-M-001",8934074,-120.143898,39.1666718,"outlet",8942039,"up"
"9","21NEV1_WQX-NV06-102-M-001",8933906,-120.2052002,39.3093414,"inlet",NA,"dn"
"10","21NEV1_WQX-NV06-102-M-001",8933906,-120.2052002,39.3093414,"outlet",8942039,"up"
"11","21NEV1_WQX-NV06-102-M-002",8933808,-120.1194,39.3486099,"inlet",NA,"dn"
"12","21NEV1_WQX-NV06-102-M-002",8933808,-120.1194,39.3486099,"outlet",8942039,"up"
"13","21NEV1_WQX-NV06-102-M-003",8933802,-120.1228027,39.3533897,"inlet",NA,"dn"
"14","21NEV1_WQX-NV06-102-M-003",8933802,-120.1228027,39.3533897,"outlet",8942039,"up"
"15","21NEV1_WQX-NV06-102-M-004",8933760,-120.0746994,39.365551,"inlet",NA,"dn"
"16","21NEV1_WQX-NV06-102-M-004",8933760,-120.0746994,39.365551,"outlet",8942039,"up"
"17","21NEV1_WQX-NV06-102-M-005",8933590,-120.0326996,39.4212799,"inlet",NA,"dn"
"18","21NEV1_WQX-NV06-102-M-005",8933590,-120.0326996,39.4212799,"outlet",NA,"up"
"19","CEDEN-304APT",17684386,-121.903,36.9739,"inlet",NA,"dn"
"20","CEDEN-304APT",17684386,-121.903,36.9739,"outlet",NA,"up"
"21","CEDEN-304GAZ",17682228,-122.36,37.1658,"inlet",NA,"dn"
"22","CEDEN-304GAZ",17682228,-122.36,37.1658,"outlet",NA,"up"
"23","CEDEN-304LOR",17684138,-122.022,36.9697,"inlet",NA,"dn"
"24","CEDEN-304LOR",17684138,-122.022,36.9697,"outlet",NA,"up"
"25","CEDEN-304SCO",17682488,-122.228,37.0405,"inlet",NA,"dn"
"26","CEDEN-304SCO",17682488,-122.228,37.0405,"outlet",NA,"up"
"27","CEDEN-304WAD",17682686,-122.277,37.0964,"inlet",NA,"dn"
"28","CEDEN-304WAD",17682686,-122.277,37.0964,"outlet",NA,"up"
"29","CEDEN-305CHI",17663281,-121.596,36.9003,"inlet",NA,"dn"
"30","CEDEN-305CHI",17663281,-121.596,36.9003,"outlet",948060104,"up"
"31","CEDEN-305COR",17663255,-121.744,36.9128,"inlet",NA,"dn"
"32","CEDEN-305COR",17663255,-121.744,36.9128,"outlet",NA,"up"
"33","CEDEN-305FRA",17662891,-121.491,36.9634,"inlet",NA,"dn"
"34","CEDEN-305FRA",17662891,-121.491,36.9634,"outlet",948060104,"up"
"35","CEDEN-305LCS",948060250,-121.533,36.9893,"inlet",NA,"dn"
"36","CEDEN-305LCS",948060250,-121.533,36.9893,"outlet",17662409,"up"
"37","CEDEN-305PJP",17665505,-121.75,36.9044,"inlet",NA,"dn"
"38","CEDEN-305PJP",17665505,-121.75,36.9044,"outlet",948060104,"up"
"39","CEDEN-305SJA",17663387,-121.561,36.8754,"inlet",NA,"dn"
"40","CEDEN-305SJA",17663387,-121.561,36.8754,"outlet",NA,"up"
"41","CEDEN-305THU",17663449,-121.792,36.8798,"inlet",NA,"dn"
"42","CEDEN-305THU",17663449,-121.792,36.8798,"outlet",948060104,"up"
"43","CEDEN-305TSR",17663151,-121.445,36.9425,"inlet",17665687,"dn"
"44","CEDEN-305TSR",17663151,-121.445,36.9425,"outlet",NA,"up"
"45","CEDEN-309ALG",17604551,-121.614,36.6568,"inlet",NA,"dn"
"46","CEDEN-309ALG",17604551,-121.614,36.6568,"outlet",NA,"up"
"47","CEDEN-309ASB",17604415,-121.73,36.7255,"inlet",NA,"dn"
"48","CEDEN-309ASB",17604415,-121.73,36.7255,"outlet",NA,"up"
"49","CEDEN-309BLA",8201803,-121.749,36.7085,"inlet",NA,"dn"
"50","CEDEN-309BLA",8201803,-121.749,36.7085,"outlet",948060149,"up"
"51","CEDEN-309DAV",8200471,-121.701,36.6468,"inlet",NA,"dn"
"52","CEDEN-309DAV",8200471,-121.701,36.6468,"outlet",948060149,"up"
"53","CEDEN-309ESP",17604363,-121.734,36.7368,"inlet",NA,"dn"
"54","CEDEN-309ESP",17604363,-121.734,36.7368,"outlet",NA,"up"
"55","CEDEN-309JON",17605349,-121.709,36.7025,"inlet",NA,"dn"
"56","CEDEN-309JON",17605349,-121.709,36.7025,"outlet",NA,"up"
"57","CEDEN-309MER",17604339,-121.742,36.7518,"inlet",NA,"dn"
"58","CEDEN-309MER",17604339,-121.742,36.7518,"outlet",NA,"up"
"59","CEDEN-309MOR",17606205,-121.782,36.7962,"inlet",NA,"dn"
"60","CEDEN-309MOR",17606205,-121.782,36.7962,"outlet",NA,"up"
"61","CEDEN-309OLD",17605295,-121.788,36.7723,"inlet",NA,"dn"
"62","CEDEN-309OLD",17605295,-121.788,36.7723,"outlet",NA,"up"
"63","CEDEN-309TDW",17605295,-121.787,36.7722,"inlet",NA,"dn"
"64","CEDEN-309TDW",17605295,-121.787,36.7722,"outlet",NA,"up"
"65","CEDEN-309TEH",17605297,-121.755,36.7593,"inlet",NA,"dn"
"66","CEDEN-309TEH",17605297,-121.755,36.7593,"outlet",NA,"up"
"67","CEDEN-310ARG",8193683,-120.606,35.0952,"inlet",NA,"dn"
"68","CEDEN-310ARG",8193683,-120.606,35.0952,"outlet",8193711,"up"
"69","CEDEN-310CCC",8192587,-120.812,35.3575,"inlet",NA,"dn"
"70","CEDEN-310CCC",8192587,-120.812,35.3575,"outlet",8193697,"up"
"71","CEDEN-310PIS",8192993,-120.635,35.1403,"inlet",NA,"dn"
"72","CEDEN-310PIS",8192993,-120.635,35.1403,"outlet",NA,"up"
"73","CEDEN-310PRE",8193639,-120.682,35.2469,"inlet",NA,"dn"
"74","CEDEN-310PRE",8193639,-120.682,35.2469,"outlet",948060285,"up"
"75","CEDEN-310SLB",8192913,-120.718,35.1883,"inlet",NA,"dn"
"76","CEDEN-310SLB",8192913,-120.718,35.1883,"outlet",NA,"up"
"77","CEDEN-310SSC",8191191,-121.121,35.5945,"inlet",NA,"dn"
"78","CEDEN-310SSC",8191191,-121.121,35.5945,"outlet",NA,"up"
"79","CEDEN-310TWB",8193581,-120.827,35.3542,"inlet",NA,"dn"
"80","CEDEN-310TWB",8193581,-120.827,35.3542,"outlet",8193697,"up"
"81","CEDEN-310USG",8193677,-120.569,35.1245,"inlet",NA,"dn"
"82","CEDEN-310USG",8193677,-120.569,35.1245,"outlet",8193711,"up"
"83","CEDEN-310WRP",8192635,-120.806,35.3207,"inlet",NA,"dn"
"84","CEDEN-310WRP",8192635,-120.806,35.3207,"outlet",NA,"up"
"85","CEDEN-312BCJ",17624027,-120.417,34.9454,"inlet",NA,"dn"
"86","CEDEN-312BCJ",17624027,-120.417,34.9454,"outlet",NA,"up"
"87","CEDEN-312MSD",17624027,-120.487,34.9552,"inlet",NA,"dn"
"88","CEDEN-312MSD",17624027,-120.487,34.9552,"outlet",NA,"up"
"89","CEDEN-312OFC",17622461,-120.586,35.0164,"inlet",17622461,"dn"
"90","CEDEN-312OFC",17622461,-120.586,35.0164,"outlet",17622457,"up"
"91","CEDEN-312OFN",17622461,-120.586,35.0228,"inlet",17622461,"dn"
"92","CEDEN-312OFN",17622461,-120.586,35.0228,"outlet",17622457,"up"
"93","CEDEN-312ORC",17624043,-120.631,34.9576,"inlet",NA,"dn"
"94","CEDEN-312ORC",17624043,-120.631,34.9576,"outlet",NA,"up"
"95","CEDEN-312ORI",17624121,-120.573,34.9414,"inlet",NA,"dn"
"96","CEDEN-312ORI",17624121,-120.573,34.9414,"outlet",NA,"up"
"97","CEDEN-312SMA",17623995,-120.642,34.9638,"inlet",NA,"dn"
"98","CEDEN-312SMA",17623995,-120.642,34.9638,"outlet",NA,"up"
"99","CEDEN-313SAI",17620568,-120.53,34.7823,"inlet",NA,"dn"
"100","CEDEN-313SAI",17620568,-120.53,34.7823,"outlet",17620632,"up"
"101","CEDEN-314SYN",17608943,-120.553,34.6766,"inlet",17609065,"dn"
"102","CEDEN-314SYN",17608943,-120.553,34.6766,"outlet",NA,"up"
"103","CEDEN-PintoLake_Buoy2",17665485,-121.771,36.9547,"inlet",NA,"dn"
"104","CEDEN-PintoLake_Buoy2",17665485,-121.771,36.9547,"outlet",NA,"up"
"105","SYCEO_WQX-ZDC-7",17608009,-120.0937167,34.5934167,"inlet",NA,"dn"
"106","SYCEO_WQX-ZDC-7",17608009,-120.0937167,34.5934167,"outlet",NA,"up"
"107","CEDEN-KR18973_KHSA",361661,-122.442,41.931,"inlet",NA,"dn"
"108","CEDEN-KR18973_KHSA",361661,-122.442,41.931,"outlet",362919,"up"
"109","CEDEN-KR19019_KHSA",362919,-122.435,41.9342,"inlet",362919,"dn"
"110","CEDEN-KR19019_KHSA",362919,-122.435,41.9342,"outlet",362899,"up"
"111","CEDEN-KR19874_KHSA",362869,-122.331,41.9804,"inlet",362869,"dn"
"112","CEDEN-KR19874_KHSA",362869,-122.331,41.9804,"outlet",362867,"up"
"113","CEDEN-KR20642_KHSA",361457,-122.202,41.9724,"inlet",362927,"dn"
"114","CEDEN-KR20642_KHSA",361457,-122.202,41.9724,"outlet",359333,"up"
"115","CEDEN-KR23340_KHSA",2553639,-121.948,42.1345,"inlet",359315,"dn"
"116","CEDEN-KR23340_KHSA",2553639,-121.948,42.1345,"outlet",NA,"up"
"117","CEDEN-KR25444_KHSA",2553629,-121.79,42.2194,"inlet",2553629,"dn"
"118","CEDEN-KR25444_KHSA",2553629,-121.79,42.2194,"outlet",NA,"up"
"119","KLAMATHTRIBES_WQX-KL0001",24091906,-121.80588,42.23861,"inlet",2553629,"dn"
"120","KLAMATHTRIBES_WQX-KL0001",24091906,-121.80588,42.23861,"outlet",NA,"up"
"121","KLAMATHTRIBES_WQX-KL0002",24091906,-121.822306,42.241722,"inlet",2553629,"dn"
"122","KLAMATHTRIBES_WQX-KL0002",24091906,-121.822306,42.241722,"outlet",NA,"up"
"123","KLAMATHTRIBES_WQX-KL0003",24091916,-121.856222,42.308389,"inlet",2553629,"dn"
"124","KLAMATHTRIBES_WQX-KL0003",24091916,-121.856222,42.308389,"outlet",NA,"up"
"125","KLAMATHTRIBES_WQX-KL0004",24092324,-121.919922,42.32689,"inlet",24092324,"dn"
"126","KLAMATHTRIBES_WQX-KL0004",24092324,-121.919922,42.32689,"outlet",NA,"up"
"127","KLAMATHTRIBES_WQX-KL0005",24091920,-121.848694,42.369083,"inlet",24091920,"dn"
"128","KLAMATHTRIBES_WQX-KL0005",24091920,-121.848694,42.369083,"outlet",NA,"up"
"129","KLAMATHTRIBES_WQX-KL0006",24091920,-121.943278,42.422083,"inlet",24091920,"dn"
"130","KLAMATHTRIBES_WQX-KL0006",24091920,-121.943278,42.422083,"outlet",NA,"up"
"131","KLAMATHTRIBES_WQX-KL0007",24092410,-121.963083,42.40725,"inlet",24091920,"dn"
"132","KLAMATHTRIBES_WQX-KL0007",24092410,-121.963083,42.40725,"outlet",NA,"up"
"133","KLAMATHTRIBES_WQX-KL0008",24092284,-121.998833,42.441361,"inlet",24091920,"dn"
"134","KLAMATHTRIBES_WQX-KL0008",24092284,-121.998833,42.441361,"outlet",NA,"up"
"135","KLAMATHTRIBES_WQX-KL0009",24092268,-122.028194,42.435722,"inlet",24091920,"dn"
"136","KLAMATHTRIBES_WQX-KL0009",24092268,-122.028194,42.435722,"outlet",NA,"up"
"137","KLAMATHTRIBES_WQX-KL0010",24091894,-121.984278,42.523583,"inlet",24091894,"dn"
"138","KLAMATHTRIBES_WQX-KL0010",24091894,-121.984278,42.523583,"outlet",NA,"up"
"139","KLAMATHTRIBES_WQX-KL0011",24091898,-121.947444,42.560556,"inlet",24091898,"dn"
"140","KLAMATHTRIBES_WQX-KL0011",24091898,-121.947444,42.560556,"outlet",NA,"up"
"141","KLAMATHTRIBES_WQX-SR0040",24084632,-121.005556,42.49672,"inlet",NA,"dn"
"142","KLAMATHTRIBES_WQX-SR0040",24084632,-121.005556,42.49672,"outlet",NA,"up"
"143","KLAMATHTRIBES_WQX-SR0050",24084574,-120.969444,42.376056,"inlet",NA,"dn"
"144","KLAMATHTRIBES_WQX-SR0050",24084574,-120.969444,42.376056,"outlet",NA,"up"
"145","KLAMATHTRIBES_WQX-SR0060",24084438,-121.269861,42.460389,"inlet",NA,"dn"
"146","KLAMATHTRIBES_WQX-SR0060",24084438,-121.269861,42.460389,"outlet",NA,"up"
"147","KLAMATHTRIBES_WQX-SR0070",24084766,-121.27843,42.48522,"inlet",NA,"dn"
"148","KLAMATHTRIBES_WQX-SR0070",24084766,-121.27843,42.48522,"outlet",NA,"up"
"149","KLAMATHTRIBES_WQX-SR0080",948010242,-121.617611,42.5505,"inlet",NA,"dn"
"150","KLAMATHTRIBES_WQX-SR0080",948010242,-121.617611,42.5505,"outlet",NA,"up"
"151","KLAMATHTRIBES_WQX-SR0090",24084310,-121.841861,42.584639,"inlet",NA,"dn"
"152","KLAMATHTRIBES_WQX-SR0090",24084310,-121.841861,42.584639,"outlet",24084336,"up"
"153","KLAMATHTRIBES_WQX-SR0140",24086564,-121.111667,42.456306,"inlet",NA,"dn"
"154","KLAMATHTRIBES_WQX-SR0140",24086564,-121.111667,42.456306,"outlet",NA,"up"
"155","KLAMATHTRIBES_WQX-SR0150",948010134,-121.09544,42.43941,"inlet",NA,"dn"
"156","KLAMATHTRIBES_WQX-SR0150",948010134,-121.09544,42.43941,"outlet",NA,"up"
"157","KLAMATHTRIBES_WQX-WR1000",24084298,-121.864472,42.567806,"inlet",NA,"dn"
"158","KLAMATHTRIBES_WQX-WR1000",24084298,-121.864472,42.567806,"outlet",24084336,"up"
"159","KLAMATHTRIBES_WQX-WR2000",24091964,-122.059471,42.768444,"inlet",NA,"dn"
"160","KLAMATHTRIBES_WQX-WR2000",24091964,-122.059471,42.768444,"outlet",NA,"up"
"161","KLAMATHTRIBES_WQX-WR3000",24091944,-121.993833,42.646611,"inlet",NA,"dn"
"162","KLAMATHTRIBES_WQX-WR3000",24091944,-121.993833,42.646611,"outlet",NA,"up"
"163","KLAMATHTRIBES_WQX-WR4000",24091902,-121.940389,42.581583,"inlet",NA,"dn"
"164","KLAMATHTRIBES_WQX-WR4000",24091902,-121.940389,42.581583,"outlet",NA,"up"
"165","KLAMATHTRIBES_WQX-WR5000",24091982,-121.970969,42.581928,"inlet",NA,"dn"
"166","KLAMATHTRIBES_WQX-WR5000",24091982,-121.970969,42.581928,"outlet",NA,"up"
"167","KLAMATHTRIBES_WQX-WR6000",24081505,-121.915806,42.514528,"inlet",NA,"dn"
"168","KLAMATHTRIBES_WQX-WR6000",24081505,-121.915806,42.514528,"outlet",24081561,"up"
"169","YUROKTEP_WQX-LES",4438380,-124.0725,41.5461,"inlet",NA,"dn"
"170","YUROKTEP_WQX-LES",4438380,-124.0725,41.5461,"outlet",NA,"up"
"171","YUROKTEP_WQX-TG",4438356,-123.9992,41.5161,"inlet",NA,"dn"
"172","YUROKTEP_WQX-TG",4438356,-123.9992,41.5161,"outlet",NA,"up"
"173","YUROKTEP_WQX-TR",8251884,-123.7053,41.1844,"inlet",NA,"dn"
"174","YUROKTEP_WQX-TR",8251884,-123.7053,41.1844,"outlet",NA,"up"
"175","YUROKTEP_WQX-WE",4442674,-123.7055,41.1883,"inlet",NA,"dn"
"176","YUROKTEP_WQX-WE",4442674,-123.7055,41.1883,"outlet",NA,"up"
"177","USGS-14201300",23801360,-122.8217596,45.1003982,"inlet",NA,"dn"
"178","USGS-14201300",23801360,-122.8217596,45.1003982,"outlet",NA,"up"
"179","USGS-14206950",23805270,-122.7548185,45.403452,"inlet",23792815,"dn"
"180","USGS-14206950",23805270,-122.7548185,45.403452,"outlet",NA,"up"
"181","USGS-14211720",23815040,-122.6691667,45.5175,"inlet",NA,"dn"
"182","USGS-14211720",23815040,-122.6691667,45.5175,"outlet",23791015,"up"
"183","USGS-14246900",24520424,-123.1834539,46.1812214,"inlet",NA,"dn"
"184","USGS-14246900",24520424,-123.1834539,46.1812214,"outlet",NA,"up"
"185","USGS-12505450",23107326,-120.186995,46.343463,"inlet",NA,"dn"
"186","USGS-12505450",23107326,-120.186995,46.343463,"outlet",NA,"up"
"187","NOOKSACK_WQX-SW09",23956234,-122.154,48.8384,"inlet",NA,"dn"
"188","NOOKSACK_WQX-SW09",23956234,-122.154,48.8384,"outlet",NA,"up"
"189","USGS-11074000",22563116,-117.6453296,33.8833488,"inlet",NA,"dn"
"190","USGS-11074000",22563116,-117.6453296,33.8833488,"outlet",22563416,"up"
"191","CEDEN-315ABU",17595459,-119.739,34.4051,"inlet",NA,"dn"
"192","CEDEN-315ABU",17595459,-119.739,34.4051,"outlet",NA,"up"
"193","CEDEN-315ATA",17595429,-119.819,34.4235,"inlet",NA,"dn"
"194","CEDEN-315ATA",17595429,-119.819,34.4235,"outlet",NA,"up"
"195","CEDEN-315CRP",17596159,-119.512,34.3935,"inlet",NA,"dn"
"196","CEDEN-315CRP",17596159,-119.512,34.3935,"outlet",NA,"up"
"197","CEDEN-315FMV",17595477,-119.517,34.4069,"inlet",17596223,"dn"
"198","CEDEN-315FMV",17595477,-119.517,34.4069,"outlet",NA,"up"
"199","CEDEN-315FRC",17595477,-119.521,34.4014,"inlet",17596223,"dn"
"200","CEDEN-315FRC",17595477,-119.521,34.4014,"outlet",NA,"up"
"201","CEDEN-315GAN",17595369,-119.876,34.4461,"inlet",NA,"dn"
"202","CEDEN-315GAN",17595369,-119.876,34.4461,"outlet",NA,"up"
"203","CEDEN-315MIS",17595453,-119.694,34.413,"inlet",NA,"dn"
"204","CEDEN-315MIS",17595453,-119.694,34.413,"outlet",NA,"up"
"205","CEDEN-315RIN",17596161,-119.477,34.3769,"inlet",NA,"dn"
"206","CEDEN-315RIN",17596161,-119.477,34.3769,"outlet",NA,"up"
"207","USGS-13154500",23275628,-115.2025,43.0022222,"inlet",NA,"dn"
"208","USGS-13154500",23275628,-115.2025,43.0022222,"outlet",24490652,"up"
"209","USGS-10350340",8931902,-119.5532362,39.5565788,"inlet",NA,"dn"
"210","USGS-10350340",8931902,-119.5532362,39.5565788,"outlet",NA,"up"
"211","21NEV1_WQX-NV06-102-M-006",8932172,-119.9033966,39.5072784,"inlet",NA,"dn"
"212","21NEV1_WQX-NV06-102-M-006",8932172,-119.9033966,39.5072784,"outlet",NA,"up"
"213","21NEV1_WQX-NV06-102-M-007",8932108,-119.82673,39.52025,"inlet",NA,"dn"
"214","21NEV1_WQX-NV06-102-M-007",8932108,-119.82673,39.52025,"outlet",NA,"up"
"215","21NEV1_WQX-NV06-102-M-009",8932668,-119.6793976,39.5141716,"inlet",NA,"dn"
"216","21NEV1_WQX-NV06-102-M-009",8932668,-119.6793976,39.5141716,"outlet",NA,"up"
"217","USGS-12301933",22878293,-115.3187194,48.4006639,"inlet",NA,"dn"
"218","USGS-12301933",22878293,-115.3187194,48.4006639,"outlet",22878297,"up"
"219","USGS-12510500",947030106,-119.4780794,46.2534675,"inlet",NA,"dn"
"220","USGS-12510500",947030106,-119.4780794,46.2534675,"outlet",NA,"up"
"221","CENWWEDH-5DWRI003.0PP",23630894,-116.29702,46.52775,"inlet",23630894,"dn"
"222","CENWWEDH-5DWRI003.0PP",23630894,-116.29702,46.52775,"outlet",23630896,"up"
"223","CENWWEDH-5DWRI019.0PP",23630100,-116.13452,46.6113055,"inlet",23630100,"dn"
"224","CENWWEDH-5DWRI019.0PP",23630100,-116.13452,46.6113055,"outlet",23630102,"up"
"225","CENWWEDH-5DWRI035.0PP",23630210,-115.96811,46.7562777,"inlet",23630210,"dn"
"226","CENWWEDH-5DWRI035.0PP",23630210,-115.96811,46.7562777,"outlet",23630212,"up"
"227","CENWWEDH-5DWRI045.0PP",23630252,-115.85152,46.85125,"inlet",23630252,"dn"
"228","CENWWEDH-5DWRI045.0PP",23630252,-115.85152,46.85125,"outlet",23630254,"up"
"229","CENWWEDH-5DWRIEC4.0PP",23630768,-116.22638,46.6625,"inlet",23630768,"dn"
"230","CENWWEDH-5DWRIEC4.0PP",23630768,-116.22638,46.6625,"outlet",23630770,"up"
"231","CENWWEDH-5NFCIL01.0PP",23630376,-115.915,46.8455555,"inlet",23630376,"dn"
"232","CENWWEDH-5NFCIL01.0PP",23630376,-115.915,46.8455555,"outlet",23630378,"up"
"233","USGS-09522000",21412711,-114.7188444,32.7186587,"inlet",NA,"dn"
"234","USGS-09522000",21412711,-114.7188444,32.7186587,"outlet",21412649,"up"
"235","USGS-09380000",20733845,-111.5878722,36.8643333,"inlet",NA,"dn"
"236","USGS-09380000",20733845,-111.5878722,36.8643333,"outlet",NA,"up"
"237","UTAHDWQ_WQX-4950800",10022912,-113.1757762,37.4072029,"inlet",NA,"dn"
"238","UTAHDWQ_WQX-4950800",10022912,-113.1757762,37.4072029,"outlet",NA,"up"
"239","UTAHDWQ_WQX-4950920",10023786,-113.1071867,37.2616897,"inlet",NA,"dn"
"240","UTAHDWQ_WQX-4950920",10023786,-113.1071867,37.2616897,"outlet",NA,"up"
"241","UTAHDWQ_WQX-4951265",10025682,-112.8827694,37.3709837,"inlet",NA,"dn"
"242","UTAHDWQ_WQX-4951265",10025682,-112.8827694,37.3709837,"outlet",NA,"up"
"243","UTAHDWQ_WQX-4951855",18264525,-112.2010297,37.571368,"inlet",NA,"dn"
"244","UTAHDWQ_WQX-4951855",18264525,-112.2010297,37.571368,"outlet",NA,"up"
"245","UTAHDWQ_WQX-5954520",4901481,-111.2698939,38.1085917,"inlet",4901481,"dn"
"246","UTAHDWQ_WQX-5954520",4901481,-111.2698939,38.1085917,"outlet",NA,"up"
"247","USGS-13056500",23141419,-111.905,43.8258333,"inlet",NA,"dn"
"248","USGS-13056500",23141419,-111.905,43.8258333,"outlet",NA,"up"
"249","USGS-13092747",24491020,-114.4947222,42.5625,"inlet",NA,"dn"
"250","USGS-13092747",24491020,-114.4947222,42.5625,"outlet",NA,"up"
"251","USGS-10168000",10389562,-111.898861,40.6643056,"inlet",NA,"dn"
"252","USGS-10168000",10389562,-111.898861,40.6643056,"outlet",NA,"up"
"253","USGS-10171000",10390290,-111.9232703,40.7335574,"inlet",NA,"dn"
"254","USGS-10171000",10390290,-111.9232703,40.7335574,"outlet",NA,"up"
"255","UTAHDWQ_WQX-4917370",10329241,-111.8299304,40.2682826,"inlet",10329241,"dn"
"256","UTAHDWQ_WQX-4917370",10329241,-111.8299304,40.2682826,"outlet",NA,"up"
"257","UTAHDWQ_WQX-4917390",10329237,-111.7646472,40.2371729,"inlet",10329237,"dn"
"258","UTAHDWQ_WQX-4917390",10329237,-111.7646472,40.2371729,"outlet",10376632,"up"
"259","UTAHDWQ_WQX-4917500",10329179,-111.8716056,40.1696758,"inlet",10329179,"dn"
"260","UTAHDWQ_WQX-4917500",10329179,-111.8716056,40.1696758,"outlet",10329173,"up"
"261","UTAHDWQ_WQX-4930007",10390290,-111.9478892,40.7741301,"inlet",NA,"dn"
"262","UTAHDWQ_WQX-4930007",10390290,-111.9478892,40.7741301,"outlet",NA,"up"
"263","UTAHDWQ_WQX-4930009",10390290,-111.9478892,40.7741301,"inlet",NA,"dn"
"264","UTAHDWQ_WQX-4930009",10390290,-111.9478892,40.7741301,"outlet",NA,"up"
"265","UTAHDWQ_WQX-4936050",11967775,-110.4430696,40.1921767,"inlet",11967775,"dn"
"266","UTAHDWQ_WQX-4936050",11967775,-110.4430696,40.1921767,"outlet",11967777,"up"
"267","UTAHDWQ_WQX-4950051",10390290,-111.9478892,40.7741301,"inlet",NA,"dn"
"268","UTAHDWQ_WQX-4950051",10390290,-111.9478892,40.7741301,"outlet",NA,"up"
"269","UTAHDWQ_WQX-4990190",7913954,-111.966802,41.02286,"inlet",7913954,"dn"
"270","UTAHDWQ_WQX-4990190",7913954,-111.966802,41.02286,"outlet",NA,"up"
"271","UTAHDWQ_WQX-4990640",7913954,-111.91105,40.9093895,"inlet",7913954,"dn"
"272","UTAHDWQ_WQX-4990640",7913954,-111.91105,40.9093895,"outlet",NA,"up"
"273","UTAHDWQ_WQX-4994950",10329043,-111.8354937,40.3685594,"inlet",10329113,"dn"
"274","UTAHDWQ_WQX-4994950",10329043,-111.8354937,40.3685594,"outlet",10329097,"up"
"275","UTAHDWQ_WQX-4994970",10329017,-111.7115327,40.4375871,"inlet",10329119,"dn"
"276","UTAHDWQ_WQX-4994970",10329017,-111.7115327,40.4375871,"outlet",10329095,"up"
"277","UTAHDWQ_WQX-4995120",10328381,-111.76304,40.33189,"inlet",10329259,"dn"
"278","UTAHDWQ_WQX-4995120",10328381,-111.76304,40.33189,"outlet",NA,"up"
"279","UTAHDWQ_WQX-4996100",10348934,-111.64727,40.184,"inlet",10329171,"dn"
"280","UTAHDWQ_WQX-4996100",10348934,-111.64727,40.184,"outlet",NA,"up"
"281","UTAHDWQ_WQX-5913220",10376632,-111.52352,40.40912,"inlet",10376632,"dn"
"282","UTAHDWQ_WQX-5913220",10376632,-111.52352,40.40912,"outlet",10376628,"up"
"283","UTAHDWQ_WQX-5913230",10376622,-111.5037958,40.4252375,"inlet",10376622,"dn"
"284","UTAHDWQ_WQX-5913230",10376622,-111.5037958,40.4252375,"outlet",10376618,"up"
"285","UTAHDWQ_WQX-5914010",10374226,-111.41575,40.60078,"inlet",10376608,"dn"
"286","UTAHDWQ_WQX-5914010",10374226,-111.41575,40.60078,"outlet",10374258,"up"
"287","UTAHDWQ_WQX-5923310",10093170,-111.4046454,40.7863403,"inlet",10093170,"dn"
"288","UTAHDWQ_WQX-5923310",10093170,-111.4046454,40.7863403,"outlet",10093250,"up"
"289","11NPSWRD_WQX-ROMN_GLAC_022",22949817,-114.466,48.9941,"inlet",NA,"dn"
"290","11NPSWRD_WQX-ROMN_GLAC_022",22949817,-114.466,48.9941,"outlet",NA,"up"
"291","11NPSWRD_WQX-ROMN_GLAC_S01",9305916,-113.681,48.7953,"inlet",9306718,"dn"
"292","11NPSWRD_WQX-ROMN_GLAC_S01",9305916,-113.681,48.7953,"outlet",9306682,"up"
"293","11NPSWRD_WQX-ROMN_GLAC_S04",9306126,-113.717,48.6912,"inlet",9306854,"dn"
"294","11NPSWRD_WQX-ROMN_GLAC_S04",9306126,-113.717,48.6912,"outlet",NA,"up"
"295","11NPSWRD_WQX-ROMN_GLAC_S05",22957647,-113.484,48.307,"inlet",NA,"dn"
"296","11NPSWRD_WQX-ROMN_GLAC_S05",22957647,-113.484,48.307,"outlet",NA,"up"
"297","11NPSWRD_WQX-ROMN_GRKO_S01",24293572,-112.746,46.4087,"inlet",24293576,"dn"
"298","11NPSWRD_WQX-ROMN_GRKO_S01",24293572,-112.746,46.4087,"outlet",24293884,"up"
"299","USGS-08364000",943030230,-106.5408218,31.8028849,"inlet",NA,"dn"
"300","USGS-08364000",943030230,-106.5408218,31.8028849,"outlet",NA,"up"
"301","TCEQMAIN-13272",943030230,-106.5403,31.8028,"inlet",NA,"dn"
"302","TCEQMAIN-13272",943030230,-106.5403,31.8028,"outlet",NA,"up"
"303","USGS-09163500",3176490,-109.0270546,39.1327605,"inlet",NA,"dn"
"304","USGS-09163500",3176490,-109.0270546,39.1327605,"outlet",NA,"up"
"305","11NPSWRD_WQX-BLCA_09128000",3252173,-107.648947,38.5291534,"inlet",NA,"dn"
"306","11NPSWRD_WQX-BLCA_09128000",3252173,-107.648947,38.5291534,"outlet",3252213,"up"
"307","11NPSWRD_WQX-CURE_381633107054700",3253435,-107.0969952,38.2758276,"inlet",NA,"dn"
"308","11NPSWRD_WQX-CURE_381633107054700",3253435,-107.0969952,38.2758276,"outlet",3255305,"up"
"309","11NPSWRD_WQX-CURE_383103106594200",3252693,-106.9956012,38.5174908,"inlet",3252255,"dn"
"310","11NPSWRD_WQX-CURE_383103106594200",3252693,-106.9956012,38.5174908,"outlet",NA,"up"
"311","PUEBLOISLETA-240WW",943020262,-106.72065,34.85729,"inlet",NA,"dn"
"312","PUEBLOISLETA-240WW",943020262,-106.72065,34.85729,"outlet",NA,"up"
"313","PUEBLOISLETA-BLKBRDGE",17808624,-106.67818,34.92571,"inlet",NA,"dn"
"314","PUEBLOISLETA-BLKBRDGE",17808624,-106.67818,34.92571,"outlet",NA,"up"
"315","PUEBLOISLETA-ISLLAKES",17808622,-106.6803,34.94687,"inlet",NA,"dn"
"316","PUEBLOISLETA-ISLLAKES",17808622,-106.6803,34.94687,"outlet",NA,"up"
"317","PUEBLOISLETA-NM147",17808624,-106.68618,34.90588,"inlet",NA,"dn"
"318","PUEBLOISLETA-NM147",17808624,-106.68618,34.90588,"outlet",NA,"up"
"319","PUEBLOISLETA-SOUTHBDY",17808636,-106.71542,34.83665,"inlet",NA,"dn"
"320","PUEBLOISLETA-SOUTHBDY",17808636,-106.71542,34.83665,"outlet",NA,"up"
"321","USGS-09013500",1234493,-105.7983437,40.2363741,"inlet",1234533,"dn"
"322","USGS-09013500",1234493,-105.7983437,40.2363741,"outlet",1234535,"up"
"323","USGS-401226105340100",2888680,-105.5669444,40.2072222,"inlet",2889714,"dn"
"324","USGS-401226105340100",2888680,-105.5669444,40.2072222,"outlet",NA,"up"
"325","USGS-401530105475401",1234473,-105.7983333,40.2583333,"inlet",1234529,"dn"
"326","USGS-401530105475401",1234473,-105.7983333,40.2583333,"outlet",1234637,"up"
"327","USGS-401723105400000",13302,-105.6666667,40.29,"inlet",13676,"dn"
"328","USGS-401723105400000",13302,-105.6666667,40.29,"outlet",13786,"up"
"329","USGS-401733105392400",13676,-105.6572268,40.2924846,"inlet",13676,"dn"
"330","USGS-401733105392400",13676,-105.6572268,40.2924846,"outlet",13778,"up"
"331","USGS-401733105392404",13288,-105.6544444,40.2930556,"inlet",13650,"dn"
"332","USGS-401733105392404",13288,-105.6544444,40.2930556,"outlet",13676,"up"
"333","USGS-402114105350101",13584,-105.5841679,40.3538729,"inlet",13650,"dn"
"334","USGS-402114105350101",13584,-105.5841679,40.3538729,"outlet",NA,"up"
"335","USGS-402123105370401",13578,-105.6176472,40.35645,"inlet",13650,"dn"
"336","USGS-402123105370401",13578,-105.6176472,40.35645,"outlet",NA,"up"
"337","11NPSWRD_WQX-ROMN_ROMO_S01L",1233915,-105.852,40.4378,"inlet",NA,"dn"
"338","11NPSWRD_WQX-ROMN_ROMO_S01L",1233915,-105.852,40.4378,"outlet",NA,"up"
"339","11NPSWRD_WQX-ROMN_ROMO_S01U",1233897,-105.846,40.4538,"inlet",NA,"dn"
"340","11NPSWRD_WQX-ROMN_ROMO_S01U",1233897,-105.846,40.4538,"outlet",NA,"up"
"341","UTAHDWQ_WQX-4937130",1373704,-109.68903,40.1908,"inlet",NA,"dn"
"342","UTAHDWQ_WQX-4937130",1373704,-109.68903,40.1908,"outlet",NA,"up"
"343","UTAHDWQ_WQX-5937650",1392829,-109.42264,40.57524,"inlet",NA,"dn"
"344","UTAHDWQ_WQX-5937650",1392829,-109.42264,40.57524,"outlet",NA,"up"
"345","11NPSWRD_WQX-ROMN_LIBI_S01",12770005,-107.442,45.5664,"inlet",NA,"dn"
"346","11NPSWRD_WQX-ROMN_LIBI_S01",12770005,-107.442,45.5664,"outlet",NA,"up"
"347","TCEQMAIN-18792",603601,-100.4433,28.608,"inlet",NA,"dn"
"348","TCEQMAIN-18792",603601,-100.4433,28.608,"outlet",NA,"up"
"349","TCEQMAIN-11552",14021832,-101.1464,33.6526,"inlet",NA,"dn"
"350","TCEQMAIN-11552",14021832,-101.1464,33.6526,"outlet",24850872,"up"
"351","TCEQMAIN-12022",14034479,-100.24,33.3339,"inlet",NA,"dn"
"352","TCEQMAIN-12022",14034479,-100.24,33.3339,"outlet",NA,"up"
"353","TCEQMAIN-12029",13700459,-100.1803,33.0087,"inlet",NA,"dn"
"354","TCEQMAIN-12029",13700459,-100.1803,33.0087,"outlet",NA,"up"
"355","TCEQMAIN-12362",5721469,-100.766,32.0606,"inlet",NA,"dn"
"356","TCEQMAIN-12362",5721469,-100.766,32.0606,"outlet",5721993,"up"
"357","TCEQMAIN-13223",285292,-101.7576,29.7801,"inlet",NA,"dn"
"358","TCEQMAIN-13223",285292,-101.7576,29.7801,"outlet",NA,"up"
"359","TCEQMAIN-13229",281390,-104.2866,29.519,"inlet",NA,"dn"
"360","TCEQMAIN-13229",281390,-104.2866,29.519,"outlet",NA,"up"
"361","TCEQMAIN-13240",334022,-101.4458,29.8028,"inlet",NA,"dn"
"362","TCEQMAIN-13240",334022,-101.4458,29.8028,"outlet",334002,"up"
"363","TCEQMAIN-13635",13520211,-100.2086,33.6219,"inlet",NA,"dn"
"364","TCEQMAIN-13635",13520211,-100.2086,33.6219,"outlet",NA,"up"
"365","TCEQMAIN-13636",13520211,-100.2088,33.6221,"inlet",NA,"dn"
"366","TCEQMAIN-13636",13520211,-100.2088,33.6221,"outlet",NA,"up"
"367","TCEQMAIN-14900",13525368,-100.0747,33.796,"inlet",NA,"dn"
"368","TCEQMAIN-14900",13525368,-100.0747,33.796,"outlet",13525886,"up"
"369","TCEQMAIN-15119",13525130,-100.0816,33.9572,"inlet",NA,"dn"
"370","TCEQMAIN-15119",13525130,-100.0816,33.9572,"outlet",NA,"up"
"371","TCEQMAIN-10032",19972126,-100.3706,35.9355,"inlet",NA,"dn"
"372","TCEQMAIN-10032",19972126,-100.3706,35.9355,"outlet",NA,"up"
"373","TCEQMAIN-10034",19970650,-101.345,35.7443,"inlet",NA,"dn"
"374","TCEQMAIN-10034",19970650,-101.345,35.7443,"outlet",NA,"up"
"375","TCEQMAIN-10036",19981046,-101.5513,35.7101,"inlet",19981046,"dn"
"376","TCEQMAIN-10036",19981046,-101.5513,35.7101,"outlet",NA,"up"
"377","TCEQMAIN-10054",19984864,-101.8792,35.4703,"inlet",19981138,"dn"
"378","TCEQMAIN-10054",19984864,-101.8792,35.4703,"outlet",NA,"up"
"379","TCEQMAIN-10171",13531193,-100.2206,34.9576,"inlet",NA,"dn"
"380","TCEQMAIN-10171",13531193,-100.2206,34.9576,"outlet",NA,"up"
"381","TCEQMAIN-10191",13924793,-101.6711,34.9651,"inlet",NA,"dn"
"382","TCEQMAIN-10191",13924793,-101.6711,34.9651,"outlet",13920925,"up"
"383","USGS-06713500",233727,-104.9999817,39.7424868,"inlet",NA,"dn"
"384","USGS-06713500",233727,-104.9999817,39.7424868,"outlet",230705,"up"
"385","USGS-06754000",226565,-104.5627366,40.4119253,"inlet",NA,"dn"
"386","USGS-06754000",226565,-104.5627366,40.4119253,"outlet",226863,"up"
"387","USGS-06329500",21871785,-104.1554111,47.6774139,"inlet",NA,"dn"
"388","USGS-06329500",21871785,-104.1554111,47.6774139,"outlet",NA,"up"
"389","USGS-08116650",3124642,-95.5824448,29.3496858,"inlet",NA,"dn"
"390","USGS-08116650",3124642,-95.5824448,29.3496858,"outlet",NA,"up"
"391","USGS-08475000",626148,-97.454426,25.8767479,"inlet",NA,"dn"
"392","USGS-08475000",626148,-97.454426,25.8767479,"outlet",NA,"up"
"393","TCEQMAIN-11460",1565994,-95.0473,29.457,"inlet",NA,"dn"
"394","TCEQMAIN-11460",1565994,-95.0473,29.457,"outlet",NA,"up"
"395","TCEQMAIN-11464",1566064,-95.1147,29.4296,"inlet",NA,"dn"
"396","TCEQMAIN-11464",1566064,-95.1147,29.4296,"outlet",NA,"up"
"397","TCEQMAIN-11478",1566732,-95.207,29.2129,"inlet",NA,"dn"
"398","TCEQMAIN-11478",1566732,-95.207,29.2129,"outlet",NA,"up"
"399","TCEQMAIN-11484",1566182,-95.3232,29.3711,"inlet",NA,"dn"
"400","TCEQMAIN-11484",1566182,-95.3232,29.3711,"outlet",NA,"up"
"401","TCEQMAIN-11485",1574376,-95.3278,29.0111,"inlet",NA,"dn"
"402","TCEQMAIN-11485",1574376,-95.3278,29.0111,"outlet",NA,"up"
"403","TCEQMAIN-11489",1574656,-95.4814,29.1256,"inlet",NA,"dn"
"404","TCEQMAIN-11489",1574656,-95.4814,29.1256,"outlet",NA,"up"
"405","TCEQMAIN-11498",1576378,-95.3292,28.95,"inlet",1576378,"dn"
"406","TCEQMAIN-11498",1576378,-95.3292,28.95,"outlet",1576364,"up"
"407","TCEQMAIN-11843",3125222,-95.3767,28.9583,"inlet",NA,"dn"
"408","TCEQMAIN-11843",3125222,-95.3767,28.9583,"outlet",NA,"up"
"409","TCEQMAIN-12146",1608966,-95.5554,28.9505,"inlet",NA,"dn"
"410","TCEQMAIN-12146",1608966,-95.5554,28.9505,"outlet",NA,"up"
"411","TCEQMAIN-12147",1607520,-95.8933,29.3131,"inlet",NA,"dn"
"412","TCEQMAIN-12147",1607520,-95.8933,29.3131,"outlet",NA,"up"
"413","TCEQMAIN-12148",1615004,-95.6672,28.8109,"inlet",NA,"dn"
"414","TCEQMAIN-12148",1615004,-95.6672,28.8109,"outlet",NA,"up"
"415","TCEQMAIN-12278",3766330,-95.9637,28.6633,"inlet",NA,"dn"
"416","TCEQMAIN-12278",3766330,-95.9637,28.6633,"outlet",3766332,"up"
"417","TCEQMAIN-12281",3765794,-96.0025,28.7673,"inlet",3766336,"dn"
"418","TCEQMAIN-12281",3765794,-96.0025,28.7673,"outlet",NA,"up"
"419","TCEQMAIN-12284",3766382,-95.9996,28.9841,"inlet",NA,"dn"
"420","TCEQMAIN-12284",3766382,-95.9996,28.9841,"outlet",NA,"up"
"421","TCEQMAIN-12286",3764246,-96.1,29.308,"inlet",NA,"dn"
"422","TCEQMAIN-12286",3764246,-96.1,29.308,"outlet",NA,"up"
"423","TCEQMAIN-12287",3764158,-96.3964,29.4531,"inlet",NA,"dn"
"424","TCEQMAIN-12287",3764158,-96.3964,29.4531,"outlet",NA,"up"
"425","TCEQMAIN-12524",7842827,-96.6869,28.9603,"inlet",NA,"dn"
"426","TCEQMAIN-12524",7842827,-96.6869,28.9603,"outlet",NA,"up"
"427","TCEQMAIN-12578",1640227,-96.8842,28.5058,"inlet",NA,"dn"
"428","TCEQMAIN-12578",1640227,-96.8842,28.5058,"outlet",1640543,"up"
"429","TCEQMAIN-12791",3840125,-97.3848,28.6498,"inlet",NA,"dn"
"430","TCEQMAIN-12791",3840125,-97.3848,28.6498,"outlet",NA,"up"
"431","TCEQMAIN-12812",10836420,-98.4724,29.2541,"inlet",NA,"dn"
"432","TCEQMAIN-12812",10836420,-98.4724,29.2541,"outlet",NA,"up"
"433","TCEQMAIN-12838",10836388,-98.5852,29.3296,"inlet",NA,"dn"
"434","TCEQMAIN-12838",10836388,-98.5852,29.3296,"outlet",10836428,"up"
"435","TCEQMAIN-12864",10840488,-98.4128,29.3571,"inlet",NA,"dn"
"436","TCEQMAIN-12864",10840488,-98.4128,29.3571,"outlet",NA,"up"
"437","TCEQMAIN-12879",3838221,-98.0644,28.9515,"inlet",NA,"dn"
"438","TCEQMAIN-12879",3838221,-98.0644,28.9515,"outlet",NA,"up"
"439","TCEQMAIN-12886",10840572,-98.3558,29.2219,"inlet",NA,"dn"
"440","TCEQMAIN-12886",10840572,-98.3558,29.2219,"outlet",10840868,"up"
"441","TCEQMAIN-12897",10840502,-98.4489,29.3195,"inlet",NA,"dn"
"442","TCEQMAIN-12897",10840502,-98.4489,29.3195,"outlet",10840868,"up"
"443","TCEQMAIN-12979",3168766,-98.1784,28.428,"inlet",NA,"dn"
"444","TCEQMAIN-12979",3168766,-98.1784,28.428,"outlet",NA,"up"
"445","TCEQMAIN-13079",206131,-97.7008,26.1735,"inlet",NA,"dn"
"446","TCEQMAIN-13079",206131,-97.7008,26.1735,"outlet",207421,"up"
"447","TCEQMAIN-13177",626148,-97.4546,25.8787,"inlet",NA,"dn"
"448","TCEQMAIN-13177",626148,-97.4546,25.8787,"outlet",NA,"up"
"449","TCEQMAIN-13188",336509,-99.1681,26.5569,"inlet",NA,"dn"
"450","TCEQMAIN-13188",336509,-99.1681,26.5569,"outlet",336503,"up"
"451","TCEQMAIN-13196",607753,-99.4869,27.4036,"inlet",NA,"dn"
"452","TCEQMAIN-13196",607753,-99.4869,27.4036,"outlet",NA,"up"
"453","TCEQMAIN-13654",7846335,-96.5461,29.1602,"inlet",NA,"dn"
"454","TCEQMAIN-13654",7846335,-96.5461,29.1602,"outlet",NA,"up"
"455","TCEQMAIN-13655",7846391,-96.4669,29.0714,"inlet",NA,"dn"
"456","TCEQMAIN-13655",7846391,-96.4669,29.0714,"outlet",NA,"up"
"457","TCEQMAIN-14256",10840818,-98.4947,29.3931,"inlet",10840868,"dn"
"458","TCEQMAIN-14256",10840818,-98.4947,29.3931,"outlet",NA,"up"
"459","USGS-08057200",1260353,-96.7566664,32.8892921,"inlet",1260401,"dn"
"460","USGS-08057200",1260353,-96.7566664,32.8892921,"outlet",NA,"up"
"461","USGS-08057410",1260375,-96.7358319,32.7076314,"inlet",NA,"dn"
"462","USGS-08057410",1260375,-96.7358319,32.7076314,"outlet",NA,"up"
"463","TCEQMAIN-10134",13971012,-98.5338,34.1086,"inlet",NA,"dn"
"464","TCEQMAIN-10134",13971012,-98.5338,34.1086,"outlet",NA,"up"
"465","TCEQMAIN-10145",13732288,-98.295,34.0563,"inlet",NA,"dn"
"466","TCEQMAIN-10145",13732288,-98.295,34.0563,"outlet",NA,"up"
"467","TCEQMAIN-10158",13732942,-99.1427,33.7598,"inlet",13733424,"dn"
"468","TCEQMAIN-10158",13732942,-99.1427,33.7598,"outlet",13733430,"up"
"469","TCEQMAIN-10161",13733388,-99.3888,33.7003,"inlet",NA,"dn"
"470","TCEQMAIN-10161",13733388,-99.3888,33.7003,"outlet",NA,"up"
"471","TCEQMAIN-10162",13526822,-99.7865,33.8207,"inlet",NA,"dn"
"472","TCEQMAIN-10162",13526822,-99.7865,33.8207,"outlet",NA,"up"
"473","TCEQMAIN-10185",13520741,-99.8013,33.6446,"inlet",NA,"dn"
"474","TCEQMAIN-10185",13520741,-99.8013,33.6446,"outlet",NA,"up"
"475","TCEQMAIN-10199",1122795,-95.0925,33.3223,"inlet",NA,"dn"
"476","TCEQMAIN-10199",1122795,-95.0925,33.3223,"outlet",NA,"up"
"477","TCEQMAIN-10219",1129593,-95.1329,33.3864,"inlet",1129647,"dn"
"478","TCEQMAIN-10219",1129593,-95.1329,33.3864,"outlet",NA,"up"
"479","TCEQMAIN-10222",4300941,-95.5947,33.3554,"inlet",NA,"dn"
"480","TCEQMAIN-10222",4300941,-95.5947,33.3554,"outlet",NA,"up"
"481","TCEQMAIN-10231",4300911,-95.5881,33.4737,"inlet",4301773,"dn"
"482","TCEQMAIN-10231",4300911,-95.5881,33.4737,"outlet",NA,"up"
"483","TCEQMAIN-10238",4300965,-95.8621,33.2194,"inlet",NA,"dn"
"484","TCEQMAIN-10238",4300965,-95.8621,33.2194,"outlet",NA,"up"
"485","TCEQMAIN-10429",5275972,-95.2068,32.5597,"inlet",NA,"dn"
"486","TCEQMAIN-10429",5275972,-95.2068,32.5597,"outlet",NA,"up"
"487","TCEQMAIN-10430",5275740,-95.4857,32.6129,"inlet",NA,"dn"
"488","TCEQMAIN-10430",5275740,-95.4857,32.6129,"outlet",NA,"up"
"489","TCEQMAIN-10434",5256777,-95.9225,32.8275,"inlet",5256777,"dn"
"490","TCEQMAIN-10434",5256777,-95.9225,32.8275,"outlet",5256761,"up"
"491","TCEQMAIN-10437",5256767,-95.983,32.906,"inlet",5256767,"dn"
"492","TCEQMAIN-10437",5256767,-95.983,32.906,"outlet",5256751,"up"
"493","TCEQMAIN-10458",5294057,-95.5418,32.8055,"inlet",5294057,"dn"
"494","TCEQMAIN-10458",5294057,-95.5418,32.8055,"outlet",5294051,"up"
"495","TCEQMAIN-10461",5293981,-95.5238,32.8959,"inlet",5293981,"dn"
"496","TCEQMAIN-10461",5293981,-95.5238,32.8959,"outlet",5293953,"up"
"497","TCEQMAIN-10462",5294025,-95.6272,32.8825,"inlet",5294025,"dn"
"498","TCEQMAIN-10462",5294025,-95.6272,32.8825,"outlet",5294003,"up"
"499","TCEQMAIN-10468",5275798,-95.092,32.603,"inlet",NA,"dn"
"500","TCEQMAIN-10468",5275798,-95.092,32.603,"outlet",NA,"up"
"501","TCEQMAIN-10469",5293759,-95.3535,32.6327,"inlet",NA,"dn"
"502","TCEQMAIN-10469",5293759,-95.3535,32.6327,"outlet",5294057,"up"
"503","TCEQMAIN-10698",1491734,-95.4865,30.8201,"inlet",1492772,"dn"
"504","TCEQMAIN-10698",1491734,-95.4865,30.8201,"outlet",NA,"up"
"505","TCEQMAIN-10786",1268612,-97.2647,32.6033,"inlet",1269102,"dn"
"506","TCEQMAIN-10786",1268612,-97.2647,32.6033,"outlet",1270630,"up"
"507","TCEQMAIN-10898",1493012,-95.0115,30.6308,"inlet",NA,"dn"
"508","TCEQMAIN-10898",1493012,-95.0115,30.6308,"outlet",1492992,"up"
"509","TCEQMAIN-10899",1492986,-95.0417,30.65,"inlet",1492986,"dn"
"510","TCEQMAIN-10899",1492986,-95.0417,30.65,"outlet",1492984,"up"
"511","TCEQMAIN-10913",1492668,-95.275,30.9,"inlet",1492668,"dn"
"512","TCEQMAIN-10913",1492668,-95.275,30.9,"outlet",1492666,"up"
"513","TCEQMAIN-10914",1492784,-95.3983,30.8597,"inlet",1492784,"dn"
"514","TCEQMAIN-10914",1492784,-95.3983,30.8597,"outlet",1492754,"up"
"515","TCEQMAIN-10917",1486156,-95.6997,31.0776,"inlet",NA,"dn"
"516","TCEQMAIN-10917",1486156,-95.6997,31.0776,"outlet",NA,"up"
"517","TCEQMAIN-10918",1484774,-95.6567,31.3356,"inlet",NA,"dn"
"518","TCEQMAIN-10918",1484774,-95.6567,31.3356,"outlet",NA,"up"
"519","TCEQMAIN-10919",1453127,-95.7896,31.6483,"inlet",1453961,"dn"
"520","TCEQMAIN-10919",1453127,-95.7896,31.6483,"outlet",1453935,"up"
"521","TCEQMAIN-10921",1262643,-96.1064,32.1349,"inlet",NA,"dn"
"522","TCEQMAIN-10921",1262643,-96.1064,32.1349,"outlet",NA,"up"
"523","TCEQMAIN-10925",1262531,-96.4625,32.4267,"inlet",NA,"dn"
"524","TCEQMAIN-10925",1262531,-96.4625,32.4267,"outlet",NA,"up"
"525","TCEQMAIN-10934",1260375,-96.7357,32.7074,"inlet",NA,"dn"
"526","TCEQMAIN-10934",1260375,-96.7357,32.7074,"outlet",NA,"up"
"527","TCEQMAIN-10938",1268426,-97.2889,32.7523,"inlet",NA,"dn"
"528","TCEQMAIN-10938",1268426,-97.2889,32.7523,"outlet",NA,"up"
"529","TCEQMAIN-10941",1268432,-97.4083,32.7652,"inlet",NA,"dn"
"530","TCEQMAIN-10941",1268432,-97.4083,32.7652,"outlet",1269054,"up"
"531","TCEQMAIN-10942",1269054,-97.4203,32.7926,"inlet",1269054,"dn"
"532","TCEQMAIN-10942",1269054,-97.4203,32.7926,"outlet",1269046,"up"
"533","TCEQMAIN-10944",1306945,-97.4608,32.8764,"inlet",1306945,"dn"
"534","TCEQMAIN-10944",1306945,-97.4608,32.8764,"outlet",1306943,"up"
"535","TCEQMAIN-10949",1306947,-97.5128,32.8742,"inlet",1306947,"dn"
"536","TCEQMAIN-10949",1306947,-97.5128,32.8742,"outlet",NA,"up"
"537","TCEQMAIN-10952",1306933,-97.49,32.905,"inlet",1306933,"dn"
"538","TCEQMAIN-10952",1306933,-97.49,32.905,"outlet",1306921,"up"
"539","TCEQMAIN-10953",1306935,-97.5167,32.9047,"inlet",1306935,"dn"
"540","TCEQMAIN-10953",1306935,-97.5167,32.9047,"outlet",NA,"up"
"541","TCEQMAIN-10956",1306933,-97.5089,32.9372,"inlet",1306933,"dn"
"542","TCEQMAIN-10956",1306933,-97.5089,32.9372,"outlet",1306921,"up"
"543","TCEQMAIN-10960",1306917,-97.5081,32.9653,"inlet",1306917,"dn"
"544","TCEQMAIN-10960",1306917,-97.5081,32.9653,"outlet",1306913,"up"
"545","TCEQMAIN-10964",1306911,-97.5133,32.9944,"inlet",1306911,"dn"
"546","TCEQMAIN-10964",1306911,-97.5133,32.9944,"outlet",1306591,"up"
"547","TCEQMAIN-10969",1305941,-97.5584,33.0857,"inlet",NA,"dn"
"548","TCEQMAIN-10969",1305941,-97.5584,33.0857,"outlet",1306513,"up"
"549","TCEQMAIN-10970",1306513,-97.834,33.2217,"inlet",1306513,"dn"
"550","TCEQMAIN-10970",1306513,-97.834,33.2217,"outlet",1306515,"up"
"551","TCEQMAIN-10977",1446644,-96.5214,32.1975,"inlet",NA,"dn"
"552","TCEQMAIN-10977",1446644,-96.5214,32.1975,"outlet",NA,"up"
"553","TCEQMAIN-10979",1447048,-96.6417,32.2528,"inlet",1447048,"dn"
"554","TCEQMAIN-10979",1447048,-96.6417,32.2528,"outlet",1447032,"up"
"555","TCEQMAIN-10991",1293094,-96.485,32.6383,"inlet",NA,"dn"
"556","TCEQMAIN-10991",1293094,-96.485,32.6383,"outlet",1294840,"up"
"557","TCEQMAIN-10996",1293162,-96.5011,32.7739,"inlet",NA,"dn"
"558","TCEQMAIN-10996",1293162,-96.5011,32.7739,"outlet",1294840,"up"
"559","TCEQMAIN-11023",1279648,-96.9062,32.8092,"inlet",NA,"dn"
"560","TCEQMAIN-11023",1279648,-96.9062,32.8092,"outlet",1279712,"up"
"561","TCEQMAIN-11068",4133589,-96.2561,31.9736,"inlet",NA,"dn"
"562","TCEQMAIN-11068",4133589,-96.2561,31.9736,"outlet",NA,"up"
"563","TCEQMAIN-11081",1269868,-96.995,32.7629,"inlet",NA,"dn"
"564","TCEQMAIN-11081",1269868,-96.995,32.7629,"outlet",NA,"up"
"565","TCEQMAIN-11126",1438737,-95.3348,29.8619,"inlet",NA,"dn"
"566","TCEQMAIN-11126",1438737,-95.3348,29.8619,"outlet",NA,"up"
"567","TCEQMAIN-11129",1440277,-95.2683,29.7932,"inlet",NA,"dn"
"568","TCEQMAIN-11129",1440277,-95.2683,29.7932,"outlet",NA,"up"
"569","TCEQMAIN-11132",1439685,-95.289,29.6739,"inlet",NA,"dn"
"570","TCEQMAIN-11132",1439685,-95.289,29.6739,"outlet",NA,"up"
"571","TCEQMAIN-11135",1439761,-95.446,29.6188,"inlet",NA,"dn"
"572","TCEQMAIN-11135",1439761,-95.446,29.6188,"outlet",NA,"up"
"573","TCEQMAIN-11139",1440385,-95.412,29.6973,"inlet",NA,"dn"
"574","TCEQMAIN-11139",1440385,-95.412,29.6973,"outlet",NA,"up"
"575","TCEQMAIN-11148",1439229,-95.3681,29.7926,"inlet",NA,"dn"
"576","TCEQMAIN-11148",1439229,-95.3681,29.7926,"outlet",NA,"up"
"577","TCEQMAIN-11169",1440395,-95.5623,29.656,"inlet",NA,"dn"
"578","TCEQMAIN-11169",1440395,-95.5623,29.656,"outlet",NA,"up"
"579","TCEQMAIN-11193",1442263,-95.0614,29.7919,"inlet",NA,"dn"
"580","TCEQMAIN-11193",1442263,-95.0614,29.7919,"outlet",1440413,"up"
"581","TCEQMAIN-11204",1469612,-95.1356,29.9189,"inlet",1469612,"dn"
"582","TCEQMAIN-11204",1469612,-95.1356,29.9189,"outlet",1469610,"up"
"583","TCEQMAIN-11213",1468442,-95.2579,30.0268,"inlet",1468442,"dn"
"584","TCEQMAIN-11213",1468442,-95.2579,30.0268,"outlet",1468438,"up"
"585","TCEQMAIN-11235",1520083,-95.1246,30.1453,"inlet",1520281,"dn"
"586","TCEQMAIN-11235",1520083,-95.1246,30.1453,"outlet",NA,"up"
"587","TCEQMAIN-11245",1468280,-95.4575,30.2447,"inlet",NA,"dn"
"588","TCEQMAIN-11245",1468280,-95.4575,30.2447,"outlet",1468386,"up"
"589","TCEQMAIN-11264",1440495,-95.0917,29.7556,"inlet",NA,"dn"
"590","TCEQMAIN-11264",1440495,-95.0917,29.7556,"outlet",NA,"up"
"591","TCEQMAIN-11271",1442273,-95.1681,29.7472,"inlet",NA,"dn"
"592","TCEQMAIN-11271",1442273,-95.1681,29.7472,"outlet",NA,"up"
"593","TCEQMAIN-11279",1440239,-95.2333,29.8372,"inlet",NA,"dn"
"594","TCEQMAIN-11279",1440239,-95.2333,29.8372,"outlet",NA,"up"
"595","TCEQMAIN-11284",1440531,-95.2194,29.7242,"inlet",NA,"dn"
"596","TCEQMAIN-11284",1440531,-95.2194,29.7242,"outlet",NA,"up"
"597","TCEQMAIN-11287",1440541,-95.2425,29.7192,"inlet",NA,"dn"
"598","TCEQMAIN-11287",1440541,-95.2425,29.7192,"outlet",NA,"up"
"599","TCEQMAIN-11292",1440525,-95.2889,29.7492,"inlet",NA,"dn"
"600","TCEQMAIN-11292",1440525,-95.2889,29.7492,"outlet",NA,"up"
"601","TCEQMAIN-11294",1440525,-95.2972,29.7542,"inlet",NA,"dn"
"602","TCEQMAIN-11294",1440525,-95.2972,29.7542,"outlet",NA,"up"
"603","TCEQMAIN-11296",1440489,-95.3283,29.7594,"inlet",NA,"dn"
"604","TCEQMAIN-11296",1440489,-95.3283,29.7594,"outlet",NA,"up"
"605","TCEQMAIN-11299",1440529,-95.2247,29.7253,"inlet",NA,"dn"
"606","TCEQMAIN-11299",1440529,-95.2247,29.7253,"outlet",NA,"up"
"607","TCEQMAIN-11302",1439537,-95.2553,29.7103,"inlet",NA,"dn"
"608","TCEQMAIN-11302",1439537,-95.2553,29.7103,"outlet",NA,"up"
"609","TCEQMAIN-11312",1508065,-95.4058,30.0921,"inlet",NA,"dn"
"610","TCEQMAIN-11312",1508065,-95.4058,30.0921,"outlet",NA,"up"
"611","TCEQMAIN-11324",1508101,-95.3297,30.0303,"inlet",1468438,"dn"
"612","TCEQMAIN-11324",1508101,-95.3297,30.0303,"outlet",1509759,"up"
"613","TCEQMAIN-11328",1508289,-95.4292,30.0358,"inlet",NA,"dn"
"614","TCEQMAIN-11328",1508289,-95.4292,30.0358,"outlet",1509759,"up"
"615","TCEQMAIN-11333",1509209,-95.7175,29.9589,"inlet",1509759,"dn"
"616","TCEQMAIN-11333",1509209,-95.7175,29.9589,"outlet",NA,"up"
"617","TCEQMAIN-11334",1520071,-95.1921,30.1488,"inlet",1520283,"dn"
"618","TCEQMAIN-11334",1520071,-95.1921,30.1488,"outlet",NA,"up"
"619","TCEQMAIN-11335",1520249,-95.3025,30.26,"inlet",NA,"dn"
"620","TCEQMAIN-11335",1520249,-95.3025,30.26,"outlet",NA,"up"
"621","TCEQMAIN-11336",1520069,-95.1713,30.1471,"inlet",1520283,"dn"
"622","TCEQMAIN-11336",1520069,-95.1713,30.1471,"outlet",1520279,"up"
"623","TCEQMAIN-11342",1468386,-95.5651,30.3576,"inlet",1468386,"dn"
"624","TCEQMAIN-11342",1468386,-95.5651,30.3576,"outlet",1468384,"up"
"625","TCEQMAIN-11344",1466404,-95.6021,30.5249,"inlet",1466404,"dn"
"626","TCEQMAIN-11344",1466404,-95.6021,30.5249,"outlet",1466398,"up"
"627","TCEQMAIN-11345",1439329,-95.3519,29.7655,"inlet",NA,"dn"
"628","TCEQMAIN-11345",1439329,-95.3519,29.7655,"outlet",NA,"up"
"629","TCEQMAIN-11351",1440301,-95.4085,29.7606,"inlet",NA,"dn"
"630","TCEQMAIN-11351",1440301,-95.4085,29.7606,"outlet",NA,"up"
"631","TCEQMAIN-11360",1439357,-95.5574,29.7625,"inlet",NA,"dn"
"632","TCEQMAIN-11360",1439357,-95.5574,29.7625,"outlet",NA,"up"
"633","TCEQMAIN-11362",1439317,-95.6056,29.7618,"inlet",NA,"dn"
"634","TCEQMAIN-11362",1439317,-95.6056,29.7618,"outlet",NA,"up"
"635","TCEQMAIN-11369",1438901,-95.2283,29.8497,"inlet",NA,"dn"
"636","TCEQMAIN-11369",1438901,-95.2283,29.8497,"outlet",NA,"up"
"637","TCEQMAIN-11371",1440183,-95.3067,29.9183,"inlet",NA,"dn"
"638","TCEQMAIN-11371",1440183,-95.3067,29.9183,"outlet",NA,"up"
"639","TCEQMAIN-11387",1440291,-95.3969,29.775,"inlet",NA,"dn"
"640","TCEQMAIN-11387",1440291,-95.3969,29.775,"outlet",NA,"up"
"641","TCEQMAIN-11446",1563064,-95.1032,29.5214,"inlet",1563624,"dn"
"642","TCEQMAIN-11446",1563064,-95.103