"","comid","lon","lat","inletoutlet","tocomid","direction"
"1",8941733,-120.1185209,39.051852,"inlet",8942097,"dn"
"2",8941733,-120.1185209,39.051852,"outlet",NA,"up"
"3",8941693,-120.1621352,39.1074071,"inlet",8942075,"dn"
"4",8941693,-120.1621352,39.1074071,"outlet",NA,"up"
"5",8941685,-120.1576913,39.1321292,"inlet",8942071,"dn"
"6",8941685,-120.1576913,39.1321292,"outlet",NA,"up"
"7",1897416,-121.2663293,37.6760406,"inlet",NA,"dn"
"8",1897416,-121.2663293,37.6760406,"outlet",NA,"up"
"9",23805042,-123.0562173,45.5020597,"inlet",NA,"dn"
"10",23805042,-123.0562173,45.5020597,"outlet",NA,"up"
"11",23804940,-123.0106608,45.5198381,"inlet",NA,"dn"
"12",23804940,-123.0106608,45.5198381,"outlet",NA,"up"
"13",23804868,-122.9209346,45.4178952,"inlet",NA,"dn"
"14",23804868,-122.9209346,45.4178952,"outlet",NA,"up"
"15",23804866,-122.8517655,45.3881737,"inlet",NA,"dn"
"16",23804866,-122.8517655,45.3881737,"outlet",NA,"up"
"17",23805270,-122.7548185,45.403452,"inlet",23792815,"dn"
"18",23805270,-122.7548185,45.403452,"outlet",NA,"up"
"19",23804852,-122.7573183,45.3859522,"inlet",23792815,"dn"
"20",23804852,-122.7573183,45.3859522,"outlet",NA,"up"
"21",23804842,-122.6978721,45.3795639,"inlet",23792815,"dn"
"22",23804842,-122.6978721,45.3795639,"outlet",NA,"up"
"23",23815040,-122.6691667,45.5175,"inlet",NA,"dn"
"24",23815040,-122.6691667,45.5175,"outlet",23791015,"up"
"25",22563116,-117.6453296,33.8833488,"inlet",NA,"dn"
"26",22563116,-117.6453296,33.8833488,"outlet",22563416,"up"
"27",8942877,-119.9465774,39.2404632,"inlet",8942883,"dn"
"28",8942877,-119.9465774,39.2404632,"outlet",NA,"up"
"29",8942879,-119.9449106,39.2401855,"inlet",8942895,"dn"
"30",8942879,-119.9449106,39.2401855,"outlet",NA,"up"
"31",8945207,-119.9787926,38.93213,"inlet",8945243,"dn"
"32",8945207,-119.9787926,38.93213,"outlet",NA,"up"
"33",8944439,-119.9915706,38.9224078,"inlet",8945243,"dn"
"34",8944439,-119.9915706,38.9224078,"outlet",NA,"up"
"35",23398297,-116.9727778,43.7816667,"inlet",NA,"dn"
"36",23398297,-116.9727778,43.7816667,"outlet",NA,"up"
"37",24407553,-119.5647553,46.9348604,"inlet",24407815,"dn"
"38",24407553,-119.5647553,46.9348604,"outlet",NA,"up"
"39",24407553,-119.5428093,46.9148605,"inlet",24407815,"dn"
"40",24407553,-119.5428093,46.9148605,"outlet",NA,"up"
"41",24407553,-119.5433649,46.9159717,"inlet",24407815,"dn"
"42",24407553,-119.5433649,46.9159717,"outlet",NA,"up"
"43",21412711,-114.7188444,32.7186587,"inlet",NA,"dn"
"44",21412711,-114.7188444,32.7186587,"outlet",21412649,"up"
"45",414203,-97.1939194,35.5003412,"inlet",NA,"dn"
"46",414203,-97.1939194,35.5003412,"outlet",NA,"up"
"47",17416036,-96.1577778,41.0152778,"inlet",NA,"dn"
"48",17416036,-96.1577778,41.0152778,"outlet",NA,"up"
"49",19053670,-91.3959464,30.7585166,"inlet",NA,"dn"
"50",19053670,-91.3959464,30.7585166,"outlet",NA,"up"
"51",938080187,-91.7362262,30.690743,"inlet",NA,"dn"
"52",938080187,-91.7362262,30.690743,"outlet",NA,"up"
"53",22848175,-92.1513889,34.6811111,"inlet",22848175,"dn"
"54",22848175,-92.1513889,34.6811111,"outlet",22848153,"up"
"55",6013072,-91.4385,38.7098056,"inlet",NA,"dn"
"56",6013072,-91.4385,38.7098056,"outlet",NA,"up"
"57",2252949,-94.8568333,39.75325,"inlet",NA,"dn"
"58",2252949,-94.8568333,39.75325,"outlet",NA,"up"
"59",5969716,-93.2736944,39.6400278,"inlet",NA,"dn"
"60",5969716,-93.2736944,39.6400278,"outlet",NA,"up"
"61",1100388,-93.4366212,45.1632981,"inlet",1100556,"dn"
"62",1100388,-93.4366212,45.1632981,"outlet",1100624,"up"
"63",4823639,-94.6741707,46.9566252,"inlet",4824059,"dn"
"64",4823639,-94.6741707,46.9566252,"outlet",NA,"up"
"65",1104206,-93.256166,44.940854,"inlet",NA,"dn"
"66",1104206,-93.256166,44.940854,"outlet",NA,"up"
"67",1104304,-93.306019,44.920625,"inlet",1104304,"dn"
"68",1104304,-93.306019,44.920625,"outlet",NA,"up"
"69",1104306,-93.24047,44.907535,"inlet",1104306,"dn"
"70",1104306,-93.24047,44.907535,"outlet",NA,"up"
"71",1104304,-93.310436,44.939891,"inlet",1104304,"dn"
"72",1104304,-93.310436,44.939891,"outlet",NA,"up"
"73",1103760,-93.323122,44.982525,"inlet",NA,"dn"
"74",1103760,-93.323122,44.982525,"outlet",1104102,"up"
"75",1104304,-93.32013,44.961482,"inlet",1104304,"dn"
"76",1104304,-93.32013,44.961482,"outlet",NA,"up"
"77",1104304,-93.308976,44.953884,"inlet",1104304,"dn"
"78",1104304,-93.308976,44.953884,"outlet",NA,"up"
"79",2386970,-93.428548,44.876935,"inlet",2386970,"dn"
"80",2386970,-93.428548,44.876935,"outlet",NA,"up"
"81",1100638,-93.013643,45.110124,"inlet",1100638,"dn"
"82",1100638,-93.013643,45.110124,"outlet",1097730,"up"
"83",937010718,-93.071596,45.017113,"inlet",937010718,"dn"
"84",937010718,-93.071596,45.017113,"outlet",937010483,"up"
"85",937010720,-93.056277,44.992753,"inlet",937010720,"dn"
"86",937010720,-93.056277,44.992753,"outlet",1104078,"up"
"87",937010723,-93.111918,44.998249,"inlet",NA,"dn"
"88",937010723,-93.111918,44.998249,"outlet",NA,"up"
"89",937010723,-93.141066,44.979902,"inlet",NA,"dn"
"90",937010723,-93.141066,44.979902,"outlet",NA,"up"
"91",937010488,-93.123541,45.038849,"inlet",937010483,"dn"
"92",937010488,-93.123541,45.038849,"outlet",937010491,"up"
"93",1100020,-93.151771,45.033216,"inlet",1100672,"dn"
"94",1100020,-93.151771,45.033216,"outlet",NA,"up"
"95",1100020,-93.199232,45.072359,"inlet",1100672,"dn"
"96",1100020,-93.199232,45.072359,"outlet",NA,"up"
"97",1100020,-93.17239,45.040041,"inlet",1100672,"dn"
"98",1100020,-93.17239,45.040041,"outlet",NA,"up"
"99",937010488,-93.116732,45.044464,"inlet",937010483,"dn"
"100",937010488,-93.116732,45.044464,"outlet",937010491,"up"
"101",1100020,-93.226134,45.044741,"inlet",1100672,"dn"
"102",1100020,-93.226134,45.044741,"outlet",NA,"up"
"103",1101300,-92.980623,44.950731,"inlet",1104172,"dn"
"104",1101300,-92.980623,44.950731,"outlet",1101450,"up"
"105",1097722,-92.97387,45.06874,"inlet",1100638,"dn"
"106",1097722,-92.97387,45.06874,"outlet",1097730,"up"
"107",1104206,-93.220278,45.012778,"inlet",NA,"dn"
"108",1104206,-93.220278,45.012778,"outlet",NA,"up"
"109",18471310,-87.5500227,38.4897695,"inlet",NA,"dn"
"110",18471310,-87.5500227,38.4897695,"outlet",NA,"up"
"111",1841403,-89.041737,37.2031076,"inlet",NA,"dn"
"112",1841403,-89.041737,37.2031076,"outlet",NA,"up"
"113",5092616,-89.462975,37.2216,"inlet",NA,"dn"
"114",5092616,-89.462975,37.2216,"outlet",NA,"up"
"115",14063535,-89.509242,35.3931392,"inlet",NA,"dn"
"116",14063535,-89.509242,35.3931392,"outlet",NA,"up"
"117",14061897,-89.6748023,35.3495296,"inlet",NA,"dn"
"118",14061897,-89.6748023,35.3495296,"outlet",NA,"up"
"119",6802796,-88.1811111,44.49,"inlet",25281296,"dn"
"120",6802796,-88.1811111,44.49,"outlet",NA,"up"
"121",6865553,-88.9283333,43.8161111,"inlet",6866247,"dn"
"122",6865553,-88.9283333,43.8161111,"outlet",NA,"up"
"123",6866127,-88.871501,43.8583156,"inlet",6866233,"dn"
"124",6866127,-88.871501,43.8583156,"outlet",6866229,"up"
"125",6866237,-88.9266667,43.8244444,"inlet",6866237,"dn"
"126",6866237,-88.9266667,43.8244444,"outlet",6866235,"up"
"127",12006335,-88.1712146,44.3055449,"inlet",NA,"dn"
"128",12006335,-88.1712146,44.3055449,"outlet",NA,"up"
"129",12005339,-87.9400994,44.4224931,"inlet",12005405,"dn"
"130",12005339,-87.9400994,44.4224931,"outlet",NA,"up"
"131",12175490,-87.9213889,43.7888889,"inlet",NA,"dn"
"132",12175490,-87.9213889,43.7888889,"outlet",NA,"up"
"133",13293430,-89.3525,43.2088889,"inlet",13294280,"dn"
"134",13293430,-89.3525,43.2088889,"outlet",NA,"up"
"135",13293576,-89.4019444,43.1508333,"inlet",13294290,"dn"
"136",13293576,-89.4019444,43.1508333,"outlet",13294280,"up"
"137",13294264,-89.5361111,43.1111111,"inlet",13294314,"dn"
"138",13294264,-89.5361111,43.1111111,"outlet",NA,"up"
"139",13294264,-89.5116667,43.1033333,"inlet",13294314,"dn"
"140",13294264,-89.5116667,43.1033333,"outlet",NA,"up"
"141",13295570,-88.5509338,42.6508485,"inlet",13296236,"dn"
"142",13295570,-88.5509338,42.6508485,"outlet",NA,"up"
"143",13295584,-88.5608333,42.6408333,"inlet",13296236,"dn"
"144",13295584,-88.5608333,42.6408333,"outlet",NA,"up"
"145",13295606,-88.5826011,42.6211265,"inlet",13296244,"dn"
"146",13295606,-88.5826011,42.6211265,"outlet",13296242,"up"
"147",13296116,-88.6248244,42.6147374,"inlet",NA,"dn"
"148",13296116,-88.6248244,42.6147374,"outlet",13296250,"up"
"149",13410000,-89.7991667,42.8747222,"inlet",NA,"dn"
"150",13410000,-89.7991667,42.8747222,"outlet",NA,"up"
"151",13296252,-88.6139907,42.5989044,"inlet",13296252,"dn"
"152",13296252,-88.6139907,42.5989044,"outlet",13296254,"up"
"153",6801806,-88.1296944,44.5333889,"inlet",25281296,"dn"
"154",6801806,-88.1296944,44.5333889,"outlet",NA,"up"
"155",12004537,-87.9362121,44.5011042,"inlet",12005077,"dn"
"156",12004537,-87.9362121,44.5011042,"outlet",NA,"up"
"157",12228525,-86.115,44.7018333,"inlet",12228525,"dn"
"158",12228525,-86.115,44.7018333,"outlet",12228227,"up"
"159",89574,-80.4475722,25.2421083,"inlet",12228525,"dn"
"160",89574,-80.4475722,25.2421083,"outlet",NA,"up"
"161",16742583,-80.3956042,26.6581208,"inlet",16742583,"dn"
"162",16742583,-80.3956042,26.6581208,"outlet",16742587,"up"
"163",16742583,-80.44255,26.5978456,"inlet",16742583,"dn"
"164",16742583,-80.44255,26.5978456,"outlet",16742587,"up"
"165",16742583,-80.4431056,26.6006231,"inlet",16742583,"dn"
"166",16742583,-80.4431056,26.6006231,"outlet",16742587,"up"
"167",16742583,-80.4439389,26.6014564,"inlet",16742583,"dn"
"168",16742583,-80.4439389,26.6014564,"outlet",16742587,"up"
"169",16742583,-80.4319942,26.6275664,"inlet",16742583,"dn"
"170",16742583,-80.4319942,26.6275664,"outlet",16742587,"up"
"171",16742583,-80.4344942,26.6347883,"inlet",16742583,"dn"
"172",16742583,-80.4344942,26.6347883,"outlet",16742587,"up"
"173",16742583,-80.4125492,26.6581206,"inlet",16742583,"dn"
"174",16742583,-80.4125492,26.6581206,"outlet",16742587,"up"
"175",16742583,-80.4447722,26.6161781,"inlet",16742583,"dn"
"176",16742583,-80.4447722,26.6161781,"outlet",16742587,"up"
"177",16742583,-80.4455556,26.5982139,"inlet",16742583,"dn"
"178",16742583,-80.4455556,26.5982139,"outlet",16742587,"up"
"179",89748,-80.5126828,26.3791033,"inlet",16742583,"dn"
"180",89748,-80.5126828,26.3791033,"outlet",NA,"up"
"181",89748,-80.9462853,26.4618503,"inlet",16742583,"dn"
"182",89748,-80.9462853,26.4618503,"outlet",NA,"up"
"183",89748,-80.9462853,26.4485369,"inlet",16742583,"dn"
"184",89748,-80.9462853,26.4485369,"outlet",NA,"up"
"185",89748,-80.9464353,26.4480036,"inlet",16742583,"dn"
"186",89748,-80.9464353,26.4480036,"outlet",NA,"up"
"187",89748,-80.9458019,26.4346542,"inlet",16742583,"dn"
"188",89748,-80.9458019,26.4346542,"outlet",NA,"up"
"189",89748,-80.8833972,26.4581833,"inlet",16742583,"dn"
"190",89748,-80.8833972,26.4581833,"outlet",NA,"up"
"191",89748,-80.8832444,26.4510194,"inlet",16742583,"dn"
"192",89748,-80.8832444,26.4510194,"outlet",NA,"up"
"193",89748,-80.8830139,26.4438722,"inlet",16742583,"dn"
"194",89748,-80.8830139,26.4438722,"outlet",NA,"up"
"195",89748,-80.88285,26.4367222,"inlet",16742583,"dn"
"196",89748,-80.88285,26.4367222,"outlet",NA,"up"
"197",89748,-80.8817286,26.3325797,"inlet",16742583,"dn"
"198",89748,-80.8817286,26.3325797,"outlet",NA,"up"
"199",933090022,-80.7942472,27.0827936,"inlet",933090022,"dn"
"200",933090022,-80.7942472,27.0827936,"outlet",933090023,"up"
"201",166757653,-80.972385,26.9567303,"inlet",166757653,"dn"
"202",166757653,-80.972385,26.9567303,"outlet",27807481,"up"
"203",16742591,-80.7834206,26.8217519,"inlet",16742591,"dn"
"204",16742591,-80.7834206,26.8217519,"outlet",16744247,"up"
"205",16742581,-80.7892503,26.9017372,"inlet",16742581,"dn"
"206",16742581,-80.7892503,26.9017372,"outlet",166757652,"up"
"207",16715394,-80.8442242,27.28696,"inlet",16715712,"dn"
"208",16715394,-80.8442242,27.28696,"outlet",NA,"up"
"209",89748,-80.8214528,25.7617686,"inlet",16715712,"dn"
"210",89748,-80.8214528,25.7617686,"outlet",NA,"up"
"211",89748,-80.7270847,25.7624106,"inlet",16715712,"dn"
"212",89748,-80.7270847,25.7624106,"outlet",NA,"up"
"213",89748,-80.8276067,26.1715422,"inlet",16715712,"dn"
"214",89748,-80.8276067,26.1715422,"outlet",NA,"up"
"215",21489440,-80.9183989,27.2107839,"inlet",21489440,"dn"
"216",21489440,-80.9183989,27.2107839,"outlet",NA,"up"
"217",90536,-80.5583931,25.4028922,"inlet",21489440,"dn"
"218",90536,-80.5583931,25.4028922,"outlet",NA,"up"
"219",16741021,-80.7625558,27.1919911,"inlet",16741021,"dn"
"220",16741021,-80.7625558,27.1919911,"outlet",NA,"up"
"221",83648,-80.5090558,25.6116111,"inlet",NA,"dn"
"222",83648,-80.5090558,25.6116111,"outlet",NA,"up"
"223",89748,-80.6742267,25.7620456,"inlet",NA,"dn"
"224",89748,-80.6742267,25.7620456,"outlet",NA,"up"
"225",16742583,-80.6318586,26.8647461,"inlet",16742583,"dn"
"226",16742583,-80.6318586,26.8647461,"outlet",16742587,"up"
"227",89748,-80.3675478,26.6845086,"inlet",16742583,"dn"
"228",89748,-80.3675478,26.6845086,"outlet",NA,"up"
"229",89748,-80.4456058,26.4722953,"inlet",16742583,"dn"
"230",89748,-80.4456058,26.4722953,"outlet",NA,"up"
"231",21484580,-81.1981189,27.8039133,"inlet",21484580,"dn"
"232",21484580,-81.1981189,27.8039133,"outlet",21484578,"up"
"233",21484714,-81.1342289,27.66003,"inlet",21484944,"dn"
"234",21484714,-81.1342289,27.66003,"outlet",21484580,"up"
"235",21483596,-81.1956197,27.5028136,"inlet",21485092,"dn"
"236",21483596,-81.1956197,27.5028136,"outlet",21484944,"up"
"237",21491800,-81.114785,27.4014286,"inlet",NA,"dn"
"238",21491800,-81.114785,27.4014286,"outlet",21485092,"up"
"239",21491892,-81.0228392,27.3144869,"inlet",21489440,"dn"
"240",21491892,-81.0228392,27.3144869,"outlet",21485092,"up"
"241",21489426,-80.9625603,27.2253233,"inlet",21489440,"dn"
"242",21489426,-80.9625603,27.2253233,"outlet",21485092,"up"
"243",89748,-80.5367861,26.3356431,"inlet",21489440,"dn"
"244",89748,-80.5367861,26.3356431,"outlet",NA,"up"
"245",16728706,-81.0708967,27.0342194,"inlet",166757654,"dn"
"246",16728706,-81.0708967,27.0342194,"outlet",27807461,"up"
"247",89748,-80.7742258,26.3323014,"inlet",166757654,"dn"
"248",89748,-80.7742258,26.3323014,"outlet",NA,"up"
"249",89748,-80.4432103,26.0616775,"inlet",166757654,"dn"
"250",89748,-80.4432103,26.0616775,"outlet",NA,"up"
"251",89748,-80.8817008,26.3304686,"inlet",166757654,"dn"
"252",89748,-80.8817008,26.3304686,"outlet",NA,"up"
"253",21490136,-81.2117311,27.5003136,"inlet",21501330,"dn"
"254",21490136,-81.2117311,27.5003136,"outlet",NA,"up"
"255",21484338,-81.2147867,27.5344792,"inlet",21484920,"dn"
"256",21484338,-81.2147867,27.5344792,"outlet",21485088,"up"
"257",89748,-80.8819083,26.3301361,"inlet",21484920,"dn"
"258",89748,-80.8819083,26.3301361,"outlet",NA,"up"
"259",83648,-80.5017381,25.7614592,"inlet",NA,"dn"
"260",83648,-80.5017381,25.7614592,"outlet",NA,"up"
"261",6333720,-84.3579807,33.6789971,"inlet",NA,"dn"
"262",6333720,-84.3579807,33.6789971,"outlet",6334244,"up"
"263",2047989,-84.4076389,33.8203056,"inlet",NA,"dn"
"264",2047989,-84.4076389,33.8203056,"outlet",2048179,"up"
"265",15647198,-83.6532653,40.9792203,"inlet",15644530,"dn"
"266",15647198,-83.6532653,40.9792203,"outlet",15645750,"up"
"267",15634673,-83.7127145,41.5000526,"inlet",NA,"dn"
"268",15634673,-83.7127145,41.5000526,"outlet",NA,"up"
"269",15612718,-83.1588088,41.3078307,"inlet",NA,"dn"
"270",15612718,-83.1588088,41.3078307,"outlet",NA,"up"
"271",15605384,-82.6082326,41.3008852,"inlet",15605484,"dn"
"272",15605384,-82.6082326,41.3008852,"outlet",NA,"up"
"273",15587072,-81.6298478,41.3953309,"inlet",NA,"dn"
"274",15587072,-81.6298478,41.3953309,"outlet",NA,"up"
"275",9848335,-81.2278789,41.7189339,"inlet",9848429,"dn"
"276",9848335,-81.2278789,41.7189339,"outlet",NA,"up"
"277",9407484,-75.7858056,38.9971944,"inlet",NA,"dn"
"278",9407484,-75.7858056,38.9971944,"outlet",9406534,"up"
"279",11907758,-76.6936944,38.9559167,"inlet",NA,"dn"
"280",11907758,-76.6936944,38.9559167,"outlet",11906414,"up"
"281",11908364,-76.7487222,38.8142222,"inlet",11908590,"dn"
"282",11908364,-76.7487222,38.8142222,"outlet",NA,"up"
"283",22340529,-77.1169232,38.9295555,"inlet",NA,"dn"
"284",22340529,-77.1169232,38.9295555,"outlet",NA,"up"
"285",22338431,-77.0420556,38.9601667,"inlet",NA,"dn"
"286",22338431,-77.0420556,38.9601667,"outlet",22337529,"up"
"287",4529099,-77.0560278,38.5961389,"inlet",4529759,"dn"
"288",4529099,-77.0560278,38.5961389,"outlet",NA,"up"
"289",4509120,-77.3324293,38.8846952,"inlet",4509304,"dn"
"290",4509120,-77.3324293,38.8846952,"outlet",NA,"up"
"291",4509040,-77.3382627,38.9088892,"inlet",NA,"dn"
"292",4509040,-77.3382627,38.9088892,"outlet",NA,"up"
"293",4508904,-77.1756743,38.9597772,"inlet",NA,"dn"
"294",4508904,-77.1756743,38.9597772,"outlet",NA,"up"
"295",22338645,-77.4319047,38.8823899,"inlet",22340579,"dn"
"296",22338645,-77.4319047,38.8823899,"outlet",22340947,"up"
"297",8476948,-77.5291527,38.3084618,"inlet",NA,"dn"
"298",8476948,-77.5291527,38.3084618,"outlet",NA,"up"
"299",8506380,-77.3322018,37.7676419,"inlet",NA,"dn"
"300",8506380,-77.3322018,37.7676419,"outlet",NA,"up"
"301",8494082,-77.1652778,37.8838889,"inlet",NA,"dn"
"302",8494082,-77.1652778,37.8838889,"outlet",NA,"up"
"303",8575903,-78.0858328,37.6709796,"inlet",NA,"dn"
"304",8575903,-78.0858328,37.6709796,"outlet",NA,"up"
"305",8608039,-77.475263,37.2251505,"inlet",8616513,"dn"
"306",8608039,-77.475263,37.2251505,"outlet",8609035,"up"
"307",8608039,-77.4764,37.2253,"inlet",8616513,"dn"
"308",8608039,-77.4764,37.2253,"outlet",8609035,"up"
"309",8574091,-77.4837,37.5314,"inlet",NA,"dn"
"310",8574091,-77.4837,37.5314,"outlet",NA,"up"
"311",8575903,-78.0858,37.6711,"inlet",NA,"dn"
"312",8575903,-78.0858,37.6711,"outlet",NA,"up"
"313",8477006,-77.3251,38.2447,"inlet",NA,"dn"
"314",8477006,-77.3251,38.2447,"outlet",NA,"up"
"315",8476948,-77.5181,38.3222,"inlet",NA,"dn"
"316",8476948,-77.5181,38.3222,"outlet",NA,"up"
"317",8494082,-77.165,37.8839,"inlet",NA,"dn"
"318",8494082,-77.165,37.8839,"outlet",NA,"up"
"319",8506380,-77.3322,37.7678,"inlet",NA,"dn"
"320",8506380,-77.3322,37.7678,"outlet",NA,"up"
"321",8402051,-75.5713,38.0761,"inlet",NA,"dn"
"322",8402051,-75.5713,38.0761,"outlet",8401953,"up"
"323",27609899,-75.8737,39.467,"inlet",NA,"dn"
"324",27609899,-75.8737,39.467,"outlet",4765444,"up"
"325",4765742,-75.882,39.3642,"inlet",NA,"dn"
"326",4765742,-75.882,39.3642,"outlet",NA,"up"
"327",4765622,-75.9249,39.2437,"inlet",NA,"dn"
"328",4765622,-75.9249,39.2437,"outlet",4765602,"up"
"329",4769502,-76.2151,38.9923,"inlet",NA,"dn"
"330",4769502,-76.2151,38.9923,"outlet",NA,"up"
"331",9408460,-75.9097,38.8065,"inlet",NA,"dn"
"332",9408460,-75.9097,38.8065,"outlet",9406534,"up"
"333",9409840,-76.0587,38.5807,"inlet",NA,"dn"
"334",9409840,-76.0587,38.5807,"outlet",NA,"up"
"335",8392820,-75.7031,38.5483,"inlet",NA,"dn"
"336",8392820,-75.7031,38.5483,"outlet",8392650,"up"
"337",8394144,-75.8883,38.3413,"inlet",NA,"dn"
"338",8394144,-75.8883,38.3413,"outlet",NA,"up"
"339",8384627,-75.7879,38.2678,"inlet",NA,"dn"
"340",8384627,-75.7879,38.2678,"outlet",8384451,"up"
"341",8402241,-75.8141,38.1379,"inlet",NA,"dn"
"342",8402241,-75.8141,38.1379,"outlet",8401991,"up"
"343",8402105,-75.8017,38.055,"inlet",NA,"dn"
"344",8402105,-75.8017,38.055,"outlet",NA,"up"
"345",11909588,-76.6018,38.4253,"inlet",NA,"dn"
"346",11909588,-76.6018,38.4253,"outlet",NA,"up"
"347",11909786,-76.5113,38.3789,"inlet",NA,"dn"
"348",11909786,-76.5113,38.3789,"outlet",NA,"up"
"349",11909668,-76.4849,38.3398,"inlet",NA,"dn"
"350",11909668,-76.4849,38.3398,"outlet",NA,"up"
"351",11909682,-76.4215,38.312,"inlet",NA,"dn"
"352",11909682,-76.4215,38.312,"outlet",NA,"up"
"353",4532367,-76.598,38.1576,"inlet",NA,"dn"
"354",4532367,-76.598,38.1576,"outlet",4532743,"up"
"355",4532641,-76.347702,38.0215,"inlet",NA,"dn"
"356",4532641,-76.347702,38.0215,"outlet",4532491,"up"
"357",4529657,-77.1935,38.5651,"inlet",NA,"dn"
"358",4529657,-77.1935,38.5651,"outlet",4529759,"up"
"359",4529579,-77.1186,38.5885,"inlet",4529759,"dn"
"360",4529579,-77.1186,38.5885,"outlet",NA,"up"
"361",22338029,-76.9867,38.6984,"inlet",NA,"dn"
"362",22338029,-76.9867,38.6984,"outlet",22338119,"up"
"363",11909794,-76.6643,38.4909,"inlet",NA,"dn"
"364",11909794,-76.6643,38.4909,"outlet",NA,"up"
"365",4534619,-77.2691,38.4035,"inlet",NA,"dn"
"366",4534619,-77.2691,38.4035,"outlet",NA,"up"
"367",4534635,-77.2051,38.3525,"inlet",NA,"dn"
"368",4534635,-77.2051,38.3525,"outlet",NA,"up"
"369",4539773,-76.9906,38.3626,"inlet",NA,"dn"
"370",4539773,-76.9906,38.3626,"outlet",NA,"up"
"371",11907758,-76.6941,38.9556,"inlet",NA,"dn"
"372",11907758,-76.6941,38.9556,"outlet",11906414,"up"
"373",11908364,-76.7509,38.8143,"inlet",11908590,"dn"
"374",11908364,-76.7509,38.8143,"outlet",NA,"up"
"375",11908582,-76.7123,38.8109,"inlet",NA,"dn"
"376",11908582,-76.7123,38.8109,"outlet",NA,"up"
"377",11908594,-76.7093,38.773,"inlet",NA,"dn"
"378",11908594,-76.7093,38.773,"outlet",NA,"up"
"379",11908668,-76.7015,38.7101,"inlet",NA,"dn"
"380",11908668,-76.7015,38.7101,"outlet",NA,"up"
"381",11908692,-76.6838,38.6585,"inlet",NA,"dn"
"382",11908692,-76.6838,38.6585,"outlet",NA,"up"
"383",11908760,-76.681,38.5821,"inlet",NA,"dn"
"384",11908760,-76.681,38.5821,"outlet",NA,"up"
"385",22340673,-77.0488,38.7066,"inlet",NA,"dn"
"386",22340673,-77.0488,38.7066,"outlet",NA,"up"
"387",22343531,-77.1111,38.6907,"inlet",NA,"dn"
"388",22343531,-77.1111,38.6907,"outlet",NA,"up"
"389",4529641,-77.1739,38.6082,"inlet",NA,"dn"
"390",4529641,-77.1739,38.6082,"outlet",NA,"up"
"391",4529701,-77.2654,38.5301,"inlet",NA,"dn"
"392",4529701,-77.2654,38.5301,"outlet",NA,"up"
"393",11689892,-76.2421,39.4351,"inlet",NA,"dn"
"394",11689892,-76.2421,39.4351,"outlet",NA,"up"
"395",11690542,-76.3346,39.3775,"inlet",NA,"dn"
"396",11690542,-76.3346,39.3775,"outlet",11689980,"up"
"397",11690516,-76.4095,39.3054,"inlet",NA,"dn"
"398",11690516,-76.4095,39.3054,"outlet",NA,"up"
"399",11690162,-76.4437,39.2775,"inlet",NA,"dn"
"400",11690162,-76.4437,39.2775,"outlet",NA,"up"
"401",11690206,-76.5225,39.2131,"inlet",NA,"dn"
"402",11690206,-76.5225,39.2131,"outlet",11690202,"up"
"403",8376201,-76.51,39.0785,"inlet",NA,"dn"
"404",8376201,-76.51,39.0785,"outlet",8376141,"up"
"405",8376239,-76.5035,39.0076,"inlet",NA,"dn"
"406",8376239,-76.5035,39.0076,"outlet",8376155,"up"
"407",8377219,-76.5461,38.9496,"inlet",NA,"dn"
"408",8377219,-76.5461,38.9496,"outlet",8377233,"up"
"409",8377387,-76.5349,38.887,"inlet",NA,"dn"
"410",8377387,-76.5349,38.887,"outlet",NA,"up"
"411",8377313,-76.5341,38.8425,"inlet",NA,"dn"
"412",8377313,-76.5341,38.8425,"outlet",NA,"up"
"413",11907934,-76.7134,38.7854,"inlet",11908590,"dn"
"414",11907934,-76.7134,38.7854,"outlet",NA,"up"
"415",22343523,-77.0232,38.6979,"inlet",NA,"dn"
"416",22343523,-77.0232,38.6979,"outlet",22338119,"up"
"417",4726595,-76.1744444,39.6578889,"inlet",4726595,"dn"
"418",4726595,-76.1744444,39.6578889,"outlet",4726593,"up"
"419",5891232,-77.8247778,39.7163889,"inlet",NA,"dn"
"420",5891232,-77.8247778,39.7163889,"outlet",NA,"up"
"421",15558653,-77.7422222,43.2536111,"inlet",NA,"dn"
"422",15558653,-77.7422222,43.2536111,"outlet",NA,"up"
"423",21633883,-77.527,43.1280278,"inlet",NA,"dn"
"424",21633883,-77.527,43.1280278,"outlet",28035681,"up"
"425",21633937,-77.5119444,43.145,"inlet",NA,"dn"
"426",21633937,-77.5119444,43.145,"outlet",NA,"up"
"427",21633979,-77.5261111,43.1758333,"inlet",NA,"dn"
"428",21633979,-77.5261111,43.1758333,"outlet",21633983,"up"
"429",15537877,-77.6094464,43.2528396,"inlet",NA,"dn"
"430",15537877,-77.6094464,43.2528396,"outlet",NA,"up"
"431",4710000,-76.8860846,40.2548116,"inlet",NA,"dn"
"432",4710000,-76.8860846,40.2548116,"outlet",NA,"up"
"433",4720211,-75.9774431,40.1284308,"inlet",NA,"dn"
"434",4720211,-75.9774431,40.1284308,"outlet",4720315,"up"
"435",4720201,-75.9885539,40.1448189,"inlet",NA,"dn"
"436",4720201,-75.9885539,40.1448189,"outlet",NA,"up"
"437",4724553,-76.3677388,39.9464886,"inlet",4726359,"dn"
"438",4724553,-76.3677388,39.9464886,"outlet",NA,"up"
"439",4724801,-76.328293,39.9059341,"inlet",4726369,"dn"
"440",4724801,-76.328293,39.9059341,"outlet",NA,"up"
"441",4726667,-76.084808,39.547939,"inlet",NA,"dn"
"442",4726667,-76.084808,39.547939,"outlet",4726595,"up"
"443",3808623,-79.31585,39.537225,"inlet",3809121,"dn"
"444",3808623,-79.31585,39.537225,"outlet",NA,"up"
"445",4763692,-75.8113,39.5293,"inlet",NA,"dn"
"446",4763692,-75.8113,39.5293,"outlet",4763706,"up"
"447",27609897,-75.8978,39.5087,"inlet",NA,"dn"
"448",27609897,-75.8978,39.5087,"outlet",27609909,"up"
"449",6163199,-72.1659111,41.6823208,"inlet",NA,"dn"
"450",6163199,-72.1659111,41.6823208,"outlet",6163123,"up"
"451",6144833,-71.9556289,42.0223189,"inlet",6145053,"dn"
"452",6144833,-71.9556289,42.0223189,"outlet",6145127,"up"
"453",6149075,-71.9840944,41.5974917,"inlet",NA,"dn"
"454",6149075,-71.9840944,41.5974917,"outlet",6149665,"up"
"455",7699970,-72.6053669,41.9873186,"inlet",NA,"dn"
"456",7699970,-72.6053669,41.9873186,"outlet",NA,"up"
"457",6109717,-72.7593528,41.9082833,"inlet",NA,"dn"
"458",6109717,-72.7593528,41.9082833,"outlet",6109657,"up"
"459",6177036,-72.841275,41.4502639,"inlet",6178142,"dn"
"460",6177036,-72.841275,41.4502639,"outlet",6178014,"up"
"461",7718288,-73.1666389,41.3838028,"inlet",NA,"dn"
"462",7718288,-73.1666389,41.3838028,"outlet",7718290,"up"
"463",7718060,-73.0622833,41.4423,"inlet",NA,"dn"
"464",7718060,-73.0622833,41.4423,"outlet",25076388,"up"
"465",7732571,-73.426231,41.1353743,"inlet",7733839,"dn"
"466",7732571,-73.426231,41.1353743,"outlet",7733553,"up"
"467",25020520,-73.219294,44.4578272,"inlet",7733839,"dn"
"468",25020520,-73.219294,44.4578272,"outlet",4578876,"up"
"469",2612794,-74.6622222,42.3611111,"inlet",NA,"dn"
"470",2612794,-74.6622222,42.3611111,"outlet",NA,"up"
"471",4147950,-74.4480556,41.9669444,"inlet",NA,"dn"
"472",4147950,-74.4480556,41.9669444,"outlet",NA,"up"
"473",4146586,-74.4144444,42.0111111,"inlet",NA,"dn"
"474",4146586,-74.4144444,42.0111111,"outlet",NA,"up"
"475",4147946,-74.5002222,41.9960833,"inlet",NA,"dn"
"476",4147946,-74.5002222,41.9960833,"outlet",NA,"up"
"477",4147956,-74.59,41.89,"inlet",4148030,"dn"
"478",4147956,-74.59,41.89,"outlet",NA,"up"
"479",10311384,-73.4128,44.1261,"inlet",10311384,"dn"
"480",10311384,-73.4128,44.1261,"outlet",10311396,"up"
"481",25020526,-73.2992,44.4711,"inlet",10311384,"dn"
"482",25020526,-73.2992,44.4711,"outlet",25020528,"up"
"483",25020520,-73.2317,44.4747,"inlet",10311384,"dn"
"484",25020520,-73.2317,44.4747,"outlet",4578876,"up"
"485",4578818,-73.2169,44.3703,"inlet",4578884,"dn"
"486",4578818,-73.2169,44.3703,"outlet",NA,"up"
"487",10314334,-73.4078,43.9517,"inlet",10314334,"dn"
"488",10314334,-73.4078,43.9517,"outlet",10314338,"up"
"489",10312380,-73.3831,43.7314,"inlet",10312754,"dn"
"490",10312380,-73.3831,43.7314,"outlet",NA,"up"
"491",4578876,-73.2319,44.4258,"inlet",10312754,"dn"
"492",4578876,-73.2319,44.4258,"outlet",4578884,"up"
"493",4573921,-72.0989,44.1907,"inlet",NA,"dn"
"494",4573921,-72.0989,44.1907,"outlet",4573973,"up"
"495",25020680,-73.355,44.7561,"inlet",NA,"dn"
"496",25020680,-73.355,44.7561,"outlet",NA,"up"
"497",9527387,-73.4962,44.5942,"inlet",NA,"dn"
"498",9527387,-73.4962,44.5942,"outlet",NA,"up"
"499",166176984,-73.1283,44.9169,"inlet",NA,"dn"
"500",166176984,-73.1283,44.9169,"outlet",NA,"up"
"501",4587314,-73.2269,44.7081,"inlet",NA,"dn"
"502",4587314,-73.2269,44.7081,"outlet",NA,"up"
"503",4588716,-73.1622,44.7853,"inlet",NA,"dn"
"504",4588716,-73.1622,44.7853,"outlet",NA,"up"
"505",4590519,-72.8755,44.9739,"inlet",NA,"dn"
"506",4590519,-72.8755,44.9739,"outlet",4590593,"up"
"507",932010376,-73.1739,45.0133,"inlet",NA,"dn"
"508",932010376,-73.1739,45.0133,"outlet",NA,"up"
"509",4588714,-73.2811,44.5819,"inlet",NA,"dn"
"510",4588714,-73.2811,44.5819,"outlet",NA,"up"
"511",25020676,-73.34,44.9483,"inlet",NA,"dn"
"512",25020676,-73.34,44.9483,"outlet",NA,"up"
"513",3324486,-69.4861306,44.4981889,"inlet",3322442,"dn"
"514",3324486,-69.4861306,44.4981889,"outlet",3325318,"up"
